hash,type,sources,source_count
0170f0e281476c453322a2c7390c63bce33f19b80e6a6c0f3b7ecc74ce126d6a,SHA-256,malwarebazaar_recent,1
01eeff719a70631228f1c01fab8e2e1f7f4c9d8b03f5b2f82199f55591f44826,SHA-256,malwarebazaar_recent,1
01fedc99994c93b912248558cba5d88b9452bcc9d53d3557fd2fa41d3ac26328,SHA-256,malwarebazaar_recent,1
02276c58166ac27a28daf138d94dac365a9b834dd5bacab1edad0692a0fac23b,SHA-256,malwarebazaar_recent,1
02fb061df966f336d74fcb6e51b8b584dfc07dc139a9cee8b669d956cbdb3090,SHA-256,malwarebazaar_recent,1
033a99b9bbd0893a8305dfebe5d7683ff9bf54518e4a6dbde3fa1e052f411340,SHA-256,malwarebazaar_recent,1
0393a1ae2400f1e3e739c2a3072f8b4b386075f24fc4ac208c1cd222b1567056,SHA-256,malwarebazaar_recent,1
03b9b68eb9e85bf1b98274971ae7e1983249ab628c7d406996e948bb0ebc53be,SHA-256,malwarebazaar_recent,1
03c96da8c86912c31beb2819fec2b6fe11cc844da2089dbf1d17004ee71ae133,SHA-256,malwarebazaar_recent,1
04787edfd07eb4f2ac2e122863d6d4e11822c8fca81b6106484d9b9101ba7d04,SHA-256,malwarebazaar_recent,1
04a56bd7545866b91e635a22a389c2350a2e152a0bca35444cb91726dec15832,SHA-256,malwarebazaar_recent,1
04b44806cd02e66c06e83d84ac6af5bd7ea20be33473a309438c56b89f9e0cb4,SHA-256,malwarebazaar_recent,1
04e24a356b9cc6c29374a6644543d7c248dc932e8995d7d41de79ce17d7e928f,SHA-256,malwarebazaar_recent,1
0503023d8a89569f30da4456941166a7a1670e027687349f2584863674725281,SHA-256,malwarebazaar_recent,1
05ed3739c37abb488988a1a1984e1d31f1a349a444e4e458e5d11c98fb1af73c,SHA-256,malwarebazaar_recent,1
068adfbbe938f346f821e1422a9f533a7bb542bcda433f4807a1a1cd44e39b9d,SHA-256,malwarebazaar_recent,1
0701530763ac1258cbdf3d65dfb92ad331bdb8bdb8db0e601df5f8dcf63e119e,SHA-256,malwarebazaar_recent,1
077c330c66a4296f9eafe9ac37c0fb8d965490243e46e01f8054f7e8cae58576,SHA-256,malwarebazaar_recent,1
07bcfe93ba826112d94e11ed81e99e79019187b4cef043806f98fbcb4db4aa2a,SHA-256,malwarebazaar_recent,1
08031510f552af30e310fb3fa81186c48c2c2df41173b8045ab2876f94c1c4c9,SHA-256,malwarebazaar_recent,1
0832bf712067c4eb84eee72d18dd60990ac4b07281b9fa1acc81b100d1ed1cad,SHA-256,malwarebazaar_recent,1
08abc14f85c9a6da7a4333554446426d74f4841a10e18cfb21be901c4e416d3a,SHA-256,malwarebazaar_recent,1
08ac02ea396687d858dbb2ae46c116ec523bbae0fd48af262941601b78d2f5b1,SHA-256,malwarebazaar_recent,1
08c65eebf3c102885be33adb98df1c3b131c853227fdc98da8b5945901174c82,SHA-256,malwarebazaar_recent,1
09015d7cc063b6d89e97e2eb864c934d7bd42cce1041ad67fa3c725074565bc6,SHA-256,malwarebazaar_recent,1
0911dda45fad7f223b54fa740606204213dbecbda91c742c455a5d4f8d339b81,SHA-256,malwarebazaar_recent,1
09ee22d008be29b3264eb74128db8c10edcda9faac4f66c57e3f62222b4d0ed8,SHA-256,malwarebazaar_recent,1
0a98e71f8430c7ae4b7d33161c1881bb5cb1d3c8985b6e2890482fd44bc3e08b,SHA-256,malwarebazaar_recent,1
0ad725278ef85a898073de341433a39adb67bf0c3ed626380c45bed0237f7983,SHA-256,malwarebazaar_recent,1
0b07373e371b70bd3823db6086c7d1905965da6e4df0d594a96b5d232545af6b,SHA-256,malwarebazaar_recent,1
0b4c4b4591b88e68ad54cb762db5ad5c06b43f8df0c6b2f9967c861f66c0c18e,SHA-256,malwarebazaar_recent,1
0b9291fade337dc74b8373683e8705c825356c3dc910c66976d036db17dddb63,SHA-256,malwarebazaar_recent,1
0b955448c9cf85a23129f82a1df70d9d846c17ea01b5d9cb68bf1778d9176223,SHA-256,malwarebazaar_recent,1
0bc2db1208dc232ad1ad539b64c6d176ffe6f41730dfa96c6f471273d369fdbe,SHA-256,malwarebazaar_recent,1
0cf5619b0577873f43e7960c30e7e73aacd49ba26089e57e44520b7fb4e09c63,SHA-256,malwarebazaar_recent,1
0d3d2e513043f33923c8538f0d40b246730eb64d685628c28b89b04b6efcabf3,SHA-256,malwarebazaar_recent,1
0e0195cb0b97b14af14b4ca9093bc43f777fc3ffb10332a9fe005b95ba1e5d2d,SHA-256,malwarebazaar_recent,1
0e3204f772b39614346d2e79ce32523ee9c77404519da2182ca7fa8c3b8d1573,SHA-256,malwarebazaar_recent,1
0e9a4eb615706f7d7099d954e2c09d33cbcde4952177c5910456f4ec1a101975,SHA-256,malwarebazaar_recent,1
0eb00a329d6a7c36d25f4524d6a985b44fbfb716efdfd922e1767c802ece7ff0,SHA-256,malwarebazaar_recent,1
0efe369d20d31c2e94dd6afe1e69966df5cb38f9ea1eaf56c9199c3ad284e76b,SHA-256,malwarebazaar_recent,1
0f9ab6d794555b5c69ab2c661d9dd1801ce4005203246cb548986a7c651f48f2,SHA-256,malwarebazaar_recent,1
1029b86d036289e495b8fc50432abae046ac404306d2e81ec954321fe1fae236,SHA-256,malwarebazaar_recent,1
10947b6c23490f8f76fea478a4a8b7df2cbd7e7c291e48eb88a66b681c5cdb90,SHA-256,malwarebazaar_recent,1
117de0b11db3c0fe0a1654572bbc4e79d6d10f82e51c5dbd2e68b357fa830d08,SHA-256,malwarebazaar_recent,1
1184d9465a8167b6dd2b52122f69fd93113c9d0aa3cd873551117eb4f705bc0d,SHA-256,malwarebazaar_recent,1
11dd7d1b5521aa74234cd120cd82f5efee761da920a752709a3232e97669d47b,SHA-256,malwarebazaar_recent,1
122d401e549ed15c3a1da53b6f042852f03fab7af4b7fba71d8a58311ec404f3,SHA-256,malwarebazaar_recent,1
13d4d6780e4e1ee8845e45feca218aada19ab1ff00ebdbdcd166c6aed8c4ea5c,SHA-256,malwarebazaar_recent,1
145f3d9ad7ab0e6a4df5b951f2ced9052d91172636e1206d4d5c0127d1995aaf,SHA-256,malwarebazaar_recent,1
148cc68aa0b2d58ac074919dd75839c80debe5dde2d3d809c34414c8aff5461a,SHA-256,malwarebazaar_recent,1
14dcafc022ffdebaddd85d8880e262c1869673e5a3cad1f02bede043c86deba4,SHA-256,malwarebazaar_recent,1
156ad5327385b9a6118397d67f5e947f10cd5b8c84c5c7c11ec5aff50792c2ae,SHA-256,malwarebazaar_recent,1
15f92cf177805802b9a26511e5311c9022e53fdfd5069469ec65c2aaf4adcfdc,SHA-256,malwarebazaar_recent,1
170a6103bac491fbd670203d1dcca8bc355f8e80b742277fa59b287a4297eebf,SHA-256,malwarebazaar_recent,1
17376fb3abc1b6d956cb83c7392d96c8fd086a45951f52364eb510c3b3bfb7f4,SHA-256,malwarebazaar_recent,1
17417c0b4ff69745861a3ce338fd5b8bb9590bfd88ba6ce512c29d5d04760da1,SHA-256,malwarebazaar_recent,1
17809d68a3d7bb0b12de7f610a0adb3346b57c036c6295918ece95d6b6b3a340,SHA-256,malwarebazaar_recent,1
1796befcefffa17ef1a78f79dade0a9f4288c626b2c337c956d15fb09410bfe1,SHA-256,malwarebazaar_recent,1
17bedb1339ebbaf1d7a14b3d886c7f135bb979a26de49e0a07de2c5e8af49a72,SHA-256,malwarebazaar_recent,1
17fc02be307af162f241917f3a0f23c89fc83d3334000b4e5fb88c6cdad3e956,SHA-256,malwarebazaar_recent,1
181351b0d763b76b28780f63d1ba414dc02e14d4d8849d4fcbc06549bc03b4a1,SHA-256,malwarebazaar_recent,1
185af45f10ba68b97d7a6e3ccebd55bf7cb457f905a00eb39485a054d128182c,SHA-256,malwarebazaar_recent,1
193a995a2533e876687cc8018b4ec7c69e27435b5788fab066d9389ba539cad7,SHA-256,malwarebazaar_recent,1
1975ee91be01a7516ce368735756f3e1508b1e77f5e7cec94e472643d8d43ea8,SHA-256,malwarebazaar_recent,1
197c284efac9e6427209f7f984441dc1cd098d4c98a53e946dd2cd0a751cf638,SHA-256,malwarebazaar_recent,1
1a14d820ac51fa77f0b9ad0bb0319d099e0251415bef559e8e324e2a9b68e4e5,SHA-256,malwarebazaar_recent,1
1a40a2016ba80e5cd702e8288a56cae1b8baf5da40d91478690f2a2096d1feb6,SHA-256,malwarebazaar_recent,1
1b0650c39616cebd048c64891e34c9c76582fa7eb292b9ce8248ea8160896876,SHA-256,malwarebazaar_recent,1
1b5fdc0a2fafb0320c5f4c20727b37719bf334651942e7d1ff9b67a2d299f710,SHA-256,malwarebazaar_recent,1
1bc18899afaca84f0cbbe01e4d5724d202f19f76208548e4c5bc64d8e665aacf,SHA-256,malwarebazaar_recent,1
1bd61f2b5fec4f77c5a12ac5f3ba81b5396a3fabd886c3599e06b00569ad8078,SHA-256,malwarebazaar_recent,1
1cdd5b6af62e7c06bbe079cd571ee6887a31897e2b8b5842108b2dd5d79248b1,SHA-256,malwarebazaar_recent,1
1ce9c129d19c9486e849393cdae519e5f99d449011c82a9764697c028acb71ab,SHA-256,malwarebazaar_recent,1
1cfdfdee0d122f6db583f434420d63762c1bb36f278918ee65497fb602f4218b,SHA-256,malwarebazaar_recent,1
1d69523a20b9c1180bba6a2cc9959d555e2ee9e78440fd79cfbaf31ad35a09fc,SHA-256,malwarebazaar_recent,1
1d9ba23a657f2c5eaea64c7a5aa96b628f0c23f371bfa6e74ac9bc9abc0efc93,SHA-256,malwarebazaar_recent,1
1da8cb5ae6ce618ec8d790e052802f5ccd880f0c84ce5ba9364df366640fe485,SHA-256,malwarebazaar_recent,1
1dcb8c3d3368afe3512f5c65774178176c79a1dee30973da3cc4266f540060e0,SHA-256,malwarebazaar_recent,1
1def7d82f7bdf21fd4cf68b2d4fbeac5d01aee8a9a343c0772d13f2080799975,SHA-256,malwarebazaar_recent,1
1e388861ef1dac63701ec57be6452348d76de5fb3bcaa57016f299d8ab0d8809,SHA-256,malwarebazaar_recent,1
1ec18651bd4351e964e2252fbcd1eada727f59b486a2790215c424d7e024a309,SHA-256,malwarebazaar_recent,1
1f1bc4c569055f64d0058423daf292c67b5d106be577fe17ccb2d1b778b267b3,SHA-256,malwarebazaar_recent,1
1f92f98ec05335281ac746d097026fd89a14a3b74eadd37b9c02901339aed25b,SHA-256,malwarebazaar_recent,1
210f49d1c1a2118c9c60528920d1fb36c7f4800f219d31974aca0506b685f2b9,SHA-256,malwarebazaar_recent,1
2188a29ee434373ae6dd8ef6fa7b3fba77bf03cd7a53d70ff589087047860ba9,SHA-256,malwarebazaar_recent,1
21e99667e2f0e73d12aae89f8cabd338426ab1fe4ce828ec93c07de615ef754c,SHA-256,malwarebazaar_recent,1
221ae18668b9590038a9b0b4c2452520e638a3e15dbe7e07ef7580ccd3c1a9a6,SHA-256,malwarebazaar_recent,1
22239d222140ba020bfc7cecec43dfb461a9cfdb446166ff02b7422d64a0b4ff,SHA-256,malwarebazaar_recent,1
2250f3ef0499e14c3ff16da2a0fdab67490ce64dcaaacf44761cd849f58ea015,SHA-256,malwarebazaar_recent,1
22907719d9650fc3231a6107ff598af3b0cc351abddd91a34fb112397fda7ea7,SHA-256,malwarebazaar_recent,1
235596e7fb00cc04e95c500b5d02891e4b5d5ee54d063553a62c93b6bbd3eb9a,SHA-256,malwarebazaar_recent,1
236351de3580743d5e07cc1d18149edc67f81ce8473e5f9a6f676008667ffe5e,SHA-256,malwarebazaar_recent,1
2369abc580dbb56d3d604b070485cc9be8382661100517151fed1761ac4ba4c4,SHA-256,malwarebazaar_recent,1
2373df4a5e91b4fbc6d52500f0980bf9fade40f4d4a2dc3ab4ec78c40ce67472,SHA-256,malwarebazaar_recent,1
23ab870dbce151ea72e0966114dacd7d0b3e436314c73943bc8d2ddf679625d9,SHA-256,malwarebazaar_recent,1
2454be41fcef381bb4ef10f1354525945a476067180ff6064313443a9ef15a40,SHA-256,malwarebazaar_recent,1
24b775cc1254f544ad0a1a3bfc1f2f7416a6b25b1eeb53e27889b3dc432d4ff0,SHA-256,malwarebazaar_recent,1
252727b6682eb8a4076734bbf52e79dcccd77533bbe665a9a191b8853b96449a,SHA-256,malwarebazaar_recent,1
25816fdba80e4acf6c2ab180bf1a2ac7a5a08ec2a9cebab8c1718353ce97f1a2,SHA-256,malwarebazaar_recent,1
25c74fd8b9497b405d7244a8cba0d7dad5af68770268bcca106c0a764baca89b,SHA-256,malwarebazaar_recent,1
278c245782f7169cfc7900a301bb37fced09e580245d1951b2868a10edfb4abf,SHA-256,malwarebazaar_recent,1
279a71b9186b6902ab9ebfc662859c2745e5063c24c1abee7c7b68e125484d42,SHA-256,malwarebazaar_recent,1
27f8be17cdc13a16c8462a8bbef82f265c53f6fed2c2a2cecac3397f2fbe8efd,SHA-256,malwarebazaar_recent,1
28278de0514cbae5672f69ac20e42144483c5a6eef2af6778dae742446ca3760,SHA-256,malwarebazaar_recent,1
28578f68c7593640dc2e061c69e81947c446c14637da0f4dc011855cef30058b,SHA-256,malwarebazaar_recent,1
28c19597f28e570271f81e350be0239eb1649e38ab553ff8221331346db31f86,SHA-256,malwarebazaar_recent,1
29a1e5bba4e3895c23bc57b48d34e56aa9564095b192b7af1a98b598b7ff3f20,SHA-256,malwarebazaar_recent,1
29fa80d7fbd5ca662e281ce483719fc360f4d25003af2b02cc449a7e9c9f88d8,SHA-256,malwarebazaar_recent,1
2a646cf7ec8b483400fa7f3aff6f3b0111ff404f48baf2a013949004849e5ee3,SHA-256,malwarebazaar_recent,1
2aa7f4ee11a91682e64f078dba80bec97ee0926efd4dfe2eb1caa572a61bd4b7,SHA-256,malwarebazaar_recent,1
2ac9c102f6730babda06b52a51199d3985545c327c3e5fb401d5dd660ae7f193,SHA-256,malwarebazaar_recent,1
2b1f532400bba24fd9043cb9db904a7a360ead77afed7a1cbe631ac19bcbe9f4,SHA-256,malwarebazaar_recent,1
2bfb9742d15e8c2d1e01defd46d2f09e1d758e68e49a7c1c5dc1a4557b311c7d,SHA-256,malwarebazaar_recent,1
2cc14c04ab566cb0d3a3778d76cc263e0b75c504f03af3b6b464a1366dbd5044,SHA-256,malwarebazaar_recent,1
2d4095f20e8f2f3389e0c308d837c52dcdceab2c02b85f9a44404ae650d0587e,SHA-256,malwarebazaar_recent,1
2dc8d2dbc4cfe2ad52064eced38260bb5141b8138cfd76ae3a4ab353399696ae,SHA-256,malwarebazaar_recent,1
2e4112625ce89d545c3777a7bec1923592932a9c380ab6e8a618f43d958e86e3,SHA-256,malwarebazaar_recent,1
2e9292bb559c512efd0407ce24cff68971c872a0942985df2ec776ee73ae2572,SHA-256,malwarebazaar_recent,1
2ea67d98260f63e5eb13d6add3c0b6f2d093bd56a833756000e343c0179a5261,SHA-256,malwarebazaar_recent,1
2edc59c543b65ec577377be3034eddf4079bf117532bfb83321259151648d9c6,SHA-256,malwarebazaar_recent,1
2f28815266a9a716d39b2652da7b7a034faf4958bcca7803344caaa2854d8125,SHA-256,malwarebazaar_recent,1
2fa0a0110d49a2324f7bb3e82fb490a8b9aa44767c0d8a71230182bbceb567a1,SHA-256,malwarebazaar_recent,1
2fac85485bf728e8a209f5a65836aef5597a9da055b11b11913278c6d9629e02,SHA-256,malwarebazaar_recent,1
2fb61bed8340653ebe358e50d9fcb16d3e7ef3dbd6af19a62040bf6580080fb5,SHA-256,malwarebazaar_recent,1
2fdd50fa27c06903facd33f94633edae16ea7825847d79a8d1344cd0c081ccd5,SHA-256,malwarebazaar_recent,1
309ec9ea0e7c9580b181da9c4c87dfce070912789b6e25596f85e814292daf28,SHA-256,malwarebazaar_recent,1
30c34a2a069d58a6c2766fbe70c2c41687f4c37965c0ab9d7fc5534aeb53e240,SHA-256,malwarebazaar_recent,1
30ded8132af61b659fed8f7cb246ac33ae92821241d14a427a53521b331df877,SHA-256,malwarebazaar_recent,1
3184c799a516c98652c82ea88d38da885c55351300611cef953cacd33df9942e,SHA-256,malwarebazaar_recent,1
31e929523db65c3e3a18e34ddeeeba27fad71dfe08a37e49c40bda104dfa7593,SHA-256,malwarebazaar_recent,1
321bfd80417496f99f32183c73d0a46b42900a8ae9d87b4079740b9297bc3cb4,SHA-256,malwarebazaar_recent,1
3259bba443b203a8ecacc18580d9eb04f10af1cbb90c76cfddca1489c4043bd1,SHA-256,malwarebazaar_recent,1
329364457ffadf784e8520c8044438bb198330a5b3df797eafed47510de9f36f,SHA-256,malwarebazaar_recent,1
3303b5905c1db31f011990051c49bc7f2f9170826883103323f40d28ce51fe1c,SHA-256,malwarebazaar_recent,1
33043651e74a6c8c8e8beb0f584de871b618151e3ba43a06aa81542605662b8e,SHA-256,malwarebazaar_recent,1
3317762fe17fdb33eae249339e171b8bc1133ee3d9e44faf56d9208b5c80f2ab,SHA-256,malwarebazaar_recent,1
33bdc3a427ff70b08c467f3f33161e36a94ed856443232b561cd6fb966d7ff17,SHA-256,malwarebazaar_recent,1
34b70412bd031251974f51be37e27e9cd1b1b6205f25ce6bf99707d04778af05,SHA-256,malwarebazaar_recent,1
34c0565468f4b8fd8099aa18deb28a2766c74bd9805c834030dd773982edc7f8,SHA-256,malwarebazaar_recent,1
35490e92117a13045b528fe05c3aa20c784657d1a674f3730ab23aae045516f7,SHA-256,malwarebazaar_recent,1
35d37575d85e16cfbb406a3f45dbb81740e736fbb388363e984176a33d13f462,SHA-256,malwarebazaar_recent,1
374d7a229f92adb4925b662bec83206c16a7233ff64c0a5d58428d02f4420d3a,SHA-256,malwarebazaar_recent,1
378610d8625004953e60be2d43f5d7389bcce6cd765b9dfbcc029aad379155b6,SHA-256,malwarebazaar_recent,1
37fed2a10dee77daf86de3994554dea50b016c9a0a05919e2768c4cf88a5da53,SHA-256,malwarebazaar_recent,1
3860a632ab55f43e1bbd4782d4a3da368cfe346738628850cb08a77b857763df,SHA-256,malwarebazaar_recent,1
38cc51a4cc14624d07dba786aab7610ec8b3c8387882d2c0ca755a88d93b53e9,SHA-256,malwarebazaar_recent,1
3910f46fe809d723d169b5723e0724dba7aed441a065b53b98e2f1b0a9736569,SHA-256,malwarebazaar_recent,1
39256d0ebac42184c8c5c8d5bfc4999090e5a0f3bf8cbf3ed4c69465e34cc104,SHA-256,malwarebazaar_recent,1
395cad56cd4a16bb695ee014321f5828ec9147a0b605da26b87950afcb5aee6b,SHA-256,malwarebazaar_recent,1
39bafe5a3d5d60924d97b810c619c008b74700f38774adeafce66bffe0f19b37,SHA-256,malwarebazaar_recent,1
39e8de252a9b49609b07bc588c5a2957f7950d54a045705f6a1360102cbea9e7,SHA-256,malwarebazaar_recent,1
3a83e4587d2793fb2b3da5b9e19b77bd4a7b82a223cc84861a7131296fe06e6c,SHA-256,malwarebazaar_recent,1
3ad9c39258d28df6f33718a5c945f845d4b32bb419cf23f2c68d91ac00dd872f,SHA-256,malwarebazaar_recent,1
3ba049daa21313c885a31654c9b0c94e9fe92323b202063b17f160c002b727aa,SHA-256,malwarebazaar_recent,1
3cf13f6915e916344708b364af4458befb09731bd920a637a3adfec34b6ea219,SHA-256,malwarebazaar_recent,1
3d8c2f1bf62cc3670f9ea270c0a7cfa830507e2fcc4d3de37ddc384553a7de08,SHA-256,malwarebazaar_recent,1
3da0d51f91991cea4662201e46fa87e7e9b7c74d4704fce249813b76ed48ed0f,SHA-256,malwarebazaar_recent,1
3da4118754c0efb0d55883df372d0a2281a9cbb86dafe3cbdacfe60f2b0d6d16,SHA-256,malwarebazaar_recent,1
3e7c0f7f5a57718c6bd0fc670dc0e1bb23445c83514192d5d5cf8d5e3c6d1bab,SHA-256,malwarebazaar_recent,1
40d86399f13d23ac77ec6b90200272391f8bb0fef00d896e27fa443dcaaf53e6,SHA-256,malwarebazaar_recent,1
40e0114651519e1e52d0cbbc3249f64287608430983c961ab957d2d211d00b98,SHA-256,malwarebazaar_recent,1
412340eacacc4daa61c038e779175b0cb33fbe36d26f5532005afeac7e56f9c3,SHA-256,malwarebazaar_recent,1
415b8d60abff32d672f54987b15bffcf38cb08e0cfa9e218dfff3569e0cbd30d,SHA-256,malwarebazaar_recent,1
4165229ffba96b372853c7d1c8bf1238755919a20dc5423afc079c79e74de661,SHA-256,malwarebazaar_recent,1
4209b06b9d6a0bf8ce57291481e378ecd960ba836c6a0d9a1084d1fb66135ac3,SHA-256,malwarebazaar_recent,1
432f19f87fb23c95959a45f393f6c25834f5444271100b05109c7df52a021f03,SHA-256,malwarebazaar_recent,1
4349633d3b3f6d10fcedd93229d8480f8760f2de4b562d30dfd89367b89a3cd7,SHA-256,malwarebazaar_recent,1
439758e9e28bc77bf2dd098e4d727c68a504b4d7f52b3071bb3d5d31ccf9df31,SHA-256,malwarebazaar_recent,1
43b946c50722fc7685ab36d5a35f713155845d6198934d1416e1b5138fabefbe,SHA-256,malwarebazaar_recent,1
43fdec415105ff3004c8d905d138a13eb91ff38a5712b96be1656d55371718d5,SHA-256,malwarebazaar_recent,1
453205ae451d8bf0b9f7ec224151debd3877dac2cb78be044878cf856e25d830,SHA-256,malwarebazaar_recent,1
454508178b3ed7d3e7fbf85a55877b3083accccc22696099710c787f6adf2ac7,SHA-256,malwarebazaar_recent,1
454d0d0d7b8f97a1e617a57e7a3e4d134140dc4b390cb2041532f815d2c221dc,SHA-256,malwarebazaar_recent,1
45c5f1a7782b2ffa99a3f8f3479a2b182de3e45d9297454190f41f4480494dbf,SHA-256,malwarebazaar_recent,1
4601f3f8d9a8838bf0dce145fa346687c106c10ec82e6529f80a02771dada659,SHA-256,malwarebazaar_recent,1
465d1febf4a78289be81fe2b0c2c792d4a9f487279c9001c471934d6b37defec,SHA-256,malwarebazaar_recent,1
465e210236cccdfc5b19f52673eddef7cfd9bfd5540cec812381e550f7709476,SHA-256,malwarebazaar_recent,1
466993d4226ead8a555781710363a86534f42b985d1441eb30b324380c25d319,SHA-256,malwarebazaar_recent,1
46fb80c2971474aab1614bc3fab8b9753098f280bdfb542484f86f50b05b4031,SHA-256,malwarebazaar_recent,1
478a38fdab62e21fd1ce46f170f19eb6e9b921e45ec307796a38695206a77bb2,SHA-256,malwarebazaar_recent,1
47ba76a5bcf954f1ee2b0eba4ad9b172d7934d8782e21ce0f3be78587bbe6f27,SHA-256,malwarebazaar_recent,1
47c72580795661e45c4ea0dcc31954cc63467f149e013fb77a6816ad67ac2750,SHA-256,malwarebazaar_recent,1
481f4e7d9724a9863eb1b8a681447a5c51a9e6f43ddc55332f023838e85bff30,SHA-256,malwarebazaar_recent,1
4842886c2ad6138c274704d82ebcfebdcbaf4e8ae49868eb8299180ac2bdec06,SHA-256,malwarebazaar_recent,1
48752c8ecb8ddbb0661bcde333109566836d8d0033ebfb9223e19b1a43748cde,SHA-256,malwarebazaar_recent,1
48a6cfdf658d7bad4938c7da88430d53a82564b86411f00e5ad8cc7977b04638,SHA-256,malwarebazaar_recent,1
49053dd03498050e8f369df2cb9c835c18a53cdedc97ed557b8e40ce2f3e9547,SHA-256,malwarebazaar_recent,1
493bac7ba0c33404c61c8fe3b30494e351b505f0ae82ed2adf7bcf7f301a6a3a,SHA-256,malwarebazaar_recent,1
494242e076faf0ff5e2d46f6676982101cb81d0265d05c1483faeb67e5620306,SHA-256,malwarebazaar_recent,1
49879e3a35816bace5313e1a33fb4888a3c41676eab61e8a13e0d26370879b58,SHA-256,malwarebazaar_recent,1
49d8f79a0fbc89507bc4c321bdc0c8d0d02aae6d3b36af29ae0a7f590b5cb685,SHA-256,malwarebazaar_recent,1
4a4efde5c502f18473b52667608adad58d7d13593a52b4e8530ceaf21718f1c2,SHA-256,malwarebazaar_recent,1
4a74e35e34cbdd680b6e99162913e3854121c3f4b94d1cf80bc93bdb7ef69532,SHA-256,malwarebazaar_recent,1
4a98b2b72a5f6c9fa0d01b6ccf9a8ff7ccfc3a3f7117398888b0b7de40eddcb0,SHA-256,malwarebazaar_recent,1
4ab4946271b91225d959fbc24584400a64e411054cc9c0f460612148002c241a,SHA-256,malwarebazaar_recent,1
4ac01c402b80fd4c26683df46c9b2a05e47662219064d102ba99643ed5010e5f,SHA-256,malwarebazaar_recent,1
4b0f2bd8aebda76893ea3480b55636dff2753abaa2cf2f60e5c9bda64a022527,SHA-256,malwarebazaar_recent,1
4b1dff7c15d82f76d1704871e63bcc8daabc85e685640c96bd8d9add7c57857c,SHA-256,malwarebazaar_recent,1
4b58c4206f46ec31b8aecb92586e485238bd1a43827ac83455718b801826b6a6,SHA-256,malwarebazaar_recent,1
4b7946dbff396286b4c6b7389515ec22e1e16b38271fcc9bb4e7ee50b65d738e,SHA-256,malwarebazaar_recent,1
4b99f3f7c3842ccad6430ac5a78c7b8a5373e2ad7859b354c9aa3988f1672103,SHA-256,malwarebazaar_recent,1
4c8d12e5d810d705aa4b58e4ff1f5778a70b60bbd85486da1e75e422e67a282f,SHA-256,malwarebazaar_recent,1
4ceeb9b7802495c61654e3a23a8911475b7d67d874f2d37164fec0aaa696139d,SHA-256,malwarebazaar_recent,1
4e635e08da9caa7a6c08b4d401acbd9141bbde92d9f5cb5aafa03d6706cb228b,SHA-256,malwarebazaar_recent,1
4ee9a8315e21860df7958a8a7cc289ac2d30e7d9778ec245adeba576cac7e482,SHA-256,malwarebazaar_recent,1
4ef52a4de79da13258cff72a3c3157f4335180e0462bc7184c9d7ca708fe3a6b,SHA-256,malwarebazaar_recent,1
5039c71d74c4fe41aacd0c84df7157636a02459b6b6cfe8b9220c3b0271ae598,SHA-256,malwarebazaar_recent,1
50f91a287d0e7a2467d8604f6a6003dc2dc5f1b0debda320c00cd215ad253f77,SHA-256,malwarebazaar_recent,1
534ff18221b4a81ea493f5719ee84e158b3aa436de256bff7e84e821491007ce,SHA-256,malwarebazaar_recent,1
535760e630fb32e12ae10359225e219a98131afd47484bd64cd5c83b29940e29,SHA-256,malwarebazaar_recent,1
536b5d4f9ba8c264f0ac0354c774dfd9fdab91cc452b640b14206f09b1aad253,SHA-256,malwarebazaar_recent,1
53aac67f2cb0125c5f2d15f449a7ae344022c3a7da79d5a9ccbaf722ff7ed458,SHA-256,malwarebazaar_recent,1
53f819ea72abcec54c85b499f7bf327466b509b3cfbfb18a64bddc25e647e866,SHA-256,malwarebazaar_recent,1
54b8fa83ba955fedc2a935216144effcd4e6006363bf2bd185602aaebfb68721,SHA-256,malwarebazaar_recent,1
5525dc40bfb7269f99d0e91daa858a035644fb5e735a8edb8d0bf995fce39296,SHA-256,malwarebazaar_recent,1
56229a6050f43fd51c2a1b82dc823f4dc3ef417fe9984e90dd7ee3cb2fcd0085,SHA-256,malwarebazaar_recent,1
5643e7fd7708cff1c4bcac0e9e507caf85e7dd10fc09fd08657c903573d30737,SHA-256,malwarebazaar_recent,1
5682ca82b02e0568245558ea342e7a6a90ff74bf758ccd13631e0e37c2b84827,SHA-256,malwarebazaar_recent,1
56bba0214b4ae013f7202c4579ca038216790d468b3bcdd2548b752a6f3f8ff6,SHA-256,malwarebazaar_recent,1
571f739c785707de4e6fcb5595ff44afbcebd0a9b5ef212018fe6103902c8a4a,SHA-256,malwarebazaar_recent,1
577c49721b97f653ace482a31c6375b3c0b7ab1d77c3af4e28475246ffbcd722,SHA-256,malwarebazaar_recent,1
578f3c5dab9cd9b6ca58a635e5c9e717e8331649898c2918dda45f5a613703c6,SHA-256,malwarebazaar_recent,1
57d91bb5b6e0da0e6e7bfff3bd03b20a711e3d09cc1b19316a671bd63351b8a9,SHA-256,malwarebazaar_recent,1
57f17ffaf11524b19efcc4eb8860ac6d822143b214326baeb2d36504f7117cd1,SHA-256,malwarebazaar_recent,1
5844fd49b15cfcefa8cef8f5dd5af3f94a25506534585755e0c8c921df4d793a,SHA-256,malwarebazaar_recent,1
588d10c1695f4d17a1357096fca082a45c2dde67c13f22fccec638ceff55eb29,SHA-256,malwarebazaar_recent,1
5942d6c41b1abdd1b35af2c1a62ac429141ee69209dedab82daae19a24d6a2c8,SHA-256,malwarebazaar_recent,1
599aec85de267506b10e284937143d37c09ea0a00d6b8381f46f2e40283e2fca,SHA-256,malwarebazaar_recent,1
5b860bc85d95cdf0b70e6b5909507a12f541b8dbac7a7225f2e93df3ae110dbb,SHA-256,malwarebazaar_recent,1
5b8bec6136ade2a587afec3a379ad85161572999f1d8015438168d4efac08cc8,SHA-256,malwarebazaar_recent,1
5b9f20f16a46833a86dbdaa768adaf8356d6375d19d83d9870a847bd2ceeb13a,SHA-256,malwarebazaar_recent,1
5bf67d64e94a8ed6b81a0855fee52626eb0f4caf1772518fc2404883030451c2,SHA-256,malwarebazaar_recent,1
5bfd0fcebd3e1ec9dcd472c4597165c6787c56ecc77eaa4855c5e918e6812cd3,SHA-256,malwarebazaar_recent,1
5c501efadac0000afee68f6e6b8c362f20d66734f036ab26ea23ade50fd7cf3a,SHA-256,malwarebazaar_recent,1
5c7d47b8379f02568f83cba9a007fee0b18d218c3db3cc9238ede5ff5be9b6a0,SHA-256,malwarebazaar_recent,1
5c96f2a17f175d1a094a647c681a823c245550b12586838c5567d8fc7dfcd2f9,SHA-256,malwarebazaar_recent,1
5cb1b29bb99b222beb533ee294c11ea00f7d9811c813401da571bbb909e49715,SHA-256,malwarebazaar_recent,1
5da00c2d7d374b14caffa9e79b3a10b2dbbc428337eb79ad46082da02dffb801,SHA-256,malwarebazaar_recent,1
5dac656868fdac9b83d4c890d4a8c8d03a42374baabceae0acd390ba37cd74ca,SHA-256,malwarebazaar_recent,1
5e7818bf26d0640b1e0008fd325f174a56c47f9bd35a7dcc699976fe978aad6f,SHA-256,malwarebazaar_recent,1
5ec333647d4946c22672778debde2c126e1acdd932d3c6665e19cbb7f549014c,SHA-256,malwarebazaar_recent,1
5ef9fcf9d8d2412fa54867f7c29cfc4cb967e9cdddb87beb4344e549bd185ff4,SHA-256,malwarebazaar_recent,1
5f178a9596d1fc74ebcdd3594b320cd77839a56239947ef682945538491bd680,SHA-256,malwarebazaar_recent,1
5f46e25d6818a805d2d424e1fc3739d030c3aad30ce8a7b9e5b6273affbfa9cb,SHA-256,malwarebazaar_recent,1
5f9d0b9e9e106f6d388fa6414e6021bf1d5afcd0e3095266c79eb417157ff6c2,SHA-256,malwarebazaar_recent,1
5faa8bac97d186a546c140a89de778f529f94a66052ffbe022aee810d3edb3f1,SHA-256,malwarebazaar_recent,1
5ffbd02bfe72f9ce7db7fc2699a76065ff984c038d781ebc7e798975f775d5be,SHA-256,malwarebazaar_recent,1
600ecf66aee0d3e87602f212e4c4d4b676342005d90c54bc25def50b1243205e,SHA-256,malwarebazaar_recent,1
60d5cfb89c982a73d92f700f982bbea72180b47bcef2f870572a12d7f198263a,SHA-256,malwarebazaar_recent,1
6122261bf53be19b37dbbc4433af826d3414ba9ecf73be3b77a40c2e16efedfc,SHA-256,malwarebazaar_recent,1
61790b6ca28e2ed4893fa90c7d2bd8a9a871fb3f1c92fdfaeb12e3da8c12cd57,SHA-256,malwarebazaar_recent,1
6263723c1849b036c184b491986fc2532fde1d7a20081b328865671fc03afe3f,SHA-256,malwarebazaar_recent,1
6309b0b350542faf15428804903568533e671e768ca928a15479fe5f021a03b9,SHA-256,malwarebazaar_recent,1
638bee1130007af009e628efbd6aed9b7b0c88c9184513e1928cf7e0eba215e0,SHA-256,malwarebazaar_recent,1
64f8fb4e7433f3c6a73c66b90f60e3e96e4a5ea42452d176c6eb980cd049773f,SHA-256,malwarebazaar_recent,1
6509c79702631b1c4742475b512aefc93c506e0703b9c6ffe2fba3ef08a15661,SHA-256,malwarebazaar_recent,1
650d61d299e7b1b22f072344253d5282f9218037d7a215c7242a1aa81336818a,SHA-256,malwarebazaar_recent,1
654405c849cd9155b69a10a679c71704b2a6d331898efda3fd25ef26d3c7cd14,SHA-256,malwarebazaar_recent,1
6596231c11c6eb28819344670a2ead48c777f6c50dd42fb291998374ad47c38e,SHA-256,malwarebazaar_recent,1
65b02af6af320d2c621a69ef029f7acbc1217ad085044c8406838a67fdae2dc7,SHA-256,malwarebazaar_recent,1
65d132bfbc08910945b0392eac99a24502dd879f3e74d2df773e702ced9bf354,SHA-256,malwarebazaar_recent,1
66190c82b66b183a68722bebc38c787c360b6a1bb165049f788dbe512ca29c3b,SHA-256,malwarebazaar_recent,1
662e3497f26fa00e37606eafaf941b6566f0800fde43edf8c8793db84757f63f,SHA-256,malwarebazaar_recent,1
6675f584fa0367de00bf0f46fc448c29b6ab7ef8c84df6c0102d768ca2394cd4,SHA-256,malwarebazaar_recent,1
66f57f5d3b01b3073e441dd123c0a7d1aaaae6ffeb1434a5f068a4cf23ab4abf,SHA-256,malwarebazaar_recent,1
672adf56b1742970a51d81d7afa918ed83fc63fe9c2e5b7b08cf5efac2cf79a0,SHA-256,malwarebazaar_recent,1
677aa8a1673cb3af445eab416bfe4d0ca563cdfe09fb1b0f2216bd94f86f99dd,SHA-256,malwarebazaar_recent,1
679108c9ad9b5407115b6ffbdc84a26d8a15ce1d097d0a0050e4671d9ace6655,SHA-256,malwarebazaar_recent,1
67b10f9dc1b4d9f4dca09dd71b8a51d7fb1b3d266ef39d0dd9e0fc95fb27a551,SHA-256,malwarebazaar_recent,1
6825f3cdb543f4a267dccd472d5f78d0b158d32067ce0d988eba073978f2b80d,SHA-256,malwarebazaar_recent,1
68c04809c8098ba079ebee8d5e0c200e97ca7895f100a865fd02790e34db7344,SHA-256,malwarebazaar_recent,1
68f13ab488e209bae93f7c03b8c14a2f51fdc1930a8412dc806c07a58beeae73,SHA-256,malwarebazaar_recent,1
68f47c0b2014b9ceb4d4b7d8133b822bff244f178b8ad4028d977b8f6e21f562,SHA-256,malwarebazaar_recent,1
693e28f619b0fd991846f608c6b4a10bf7d681b89bf5420a5f8788313beadc7c,SHA-256,malwarebazaar_recent,1
695a999ea432de428343c1723a484fa522c51f0163009cc8f9ce82079039a4cc,SHA-256,malwarebazaar_recent,1
6a1ea4e0cbb46c5ac158c7f589f1b5ecc22c3981712ebfd94784ae4094129925,SHA-256,malwarebazaar_recent,1
6a516873684a38621cd0fe045dc6cc07317b537f2e563d3a07b3b3dc311ccdae,SHA-256,malwarebazaar_recent,1
6a80d5e887b7f53637868299f450326843b4a93ab58cffa19d5af347ae7d72f1,SHA-256,malwarebazaar_recent,1
6aa904125beb01924243b0dd04e0988b16b8bccd5479224f8bbcd762814b303e,SHA-256,malwarebazaar_recent,1
6ac3d944353e917b957276c60f3b758c313c25e336eca58293fad0e48c2bb77b,SHA-256,malwarebazaar_recent,1
6ac584425e8aa6baa78f38202e473b054db569b0b1d099b79b1ae8a0c0e69e51,SHA-256,malwarebazaar_recent,1
6b95f9e2a2549ce85d6f769fc1c3694319b6ed90c400bfa5e21967f39ff3507e,SHA-256,malwarebazaar_recent,1
6cb04df54a6342fcf8e89c132bd39dbb4a6150e9a66b162d900e1cf4d7f42189,SHA-256,malwarebazaar_recent,1
6cc1bbe515410828551a1f8f8d35223d205cbd47472b284eb8ee3f39abb9b2a9,SHA-256,malwarebazaar_recent,1
6d340b1aa9934f229959a21e55c3a7cb6683164b228f4c7efdb1c0260321979f,SHA-256,malwarebazaar_recent,1
6d76dd44f6fe630af75af9103d173c62f59239bf8b668d5d7e5144b2d986e120,SHA-256,malwarebazaar_recent,1
6dc376c535829409dc2a6f0548504f8d0f07dd4bb17750fb057975965958fa85,SHA-256,malwarebazaar_recent,1
6e622d4f1df916984ea79b0b50f4586e9bfca54bdcefd154849b6b10afdb1a8b,SHA-256,malwarebazaar_recent,1
6edad75390dd3c0b9607471fded07ca333470e50d121b2656eb2fb269b2fc5ee,SHA-256,malwarebazaar_recent,1
6f03b78717ac52a931efc278e92af6d739afff57196828e5293d4b6fc37ea2ad,SHA-256,malwarebazaar_recent,1
6f6e3fb40572fac7381387c7da58a6f0af71bcdc50339d2324ea799d4b525aad,SHA-256,malwarebazaar_recent,1
6f8defe241989135944210e5dd705af7b53c158b95da34fc3ceac08d2aad4efd,SHA-256,malwarebazaar_recent,1
6f92b8898bdfee56a7e79399efddb8b9475053edd7f5401567188268062f801e,SHA-256,malwarebazaar_recent,1
6fbab048f4d252adf00a390d0e993513cbbdd8538c5b2d840698127aff4d30cd,SHA-256,malwarebazaar_recent,1
707a26e9f7bc1106f0d10386fcbe2ab0dbbfb8a697f7f206b574b2596b8f3154,SHA-256,malwarebazaar_recent,1
71048b3e9ddc26fdfd2938f2f96fb2670b2ee5303463da80e4795cfde31dfc15,SHA-256,malwarebazaar_recent,1
71827f1e0195f276a387c074a828afb3a585797ed8a2acca8be95c4529baee76,SHA-256,malwarebazaar_recent,1
71b24afdf8c4e0c5b9d43446643f5140a0e025694558a44f1c260e0d0dcaf8e5,SHA-256,malwarebazaar_recent,1
7222eb48e86fe2cb1650f958c89db4016802ceefa401653e5738f0de68b61844,SHA-256,malwarebazaar_recent,1
726c39d4e04e53ba793105882a1efa15f79d1a566fabb2092f7dc54596086264,SHA-256,malwarebazaar_recent,1
72a7252a489a76e7c32c83e1e2c018d1d50dbdddc6670a8b220c6234f7b1f68e,SHA-256,malwarebazaar_recent,1
734964bb89eeda583ba0c4ffa36d1caf19b24f7c020f3c37be981f075c4fe5be,SHA-256,malwarebazaar_recent,1
73b672c53979619a86ecec82ee943c126049c4027de295bdd0b47cd407f40630,SHA-256,malwarebazaar_recent,1
74001aa3da7b8c50cae57cb6693a929e0ae5d092ffae5fa0c4621a77245ba8cb,SHA-256,malwarebazaar_recent,1
7458c325a91844ae1794fd54ffbeb33e8196123065f84e6174aea7a38a6dabb9,SHA-256,malwarebazaar_recent,1
7511c036fed79133a14710785d755292839f5a98ea87978fb50a272401041614,SHA-256,malwarebazaar_recent,1
75720cb361eb1ec010439450d71b05809ff7e07d0a72d811ff330e4b3838e8d6,SHA-256,malwarebazaar_recent,1
7590a307a9cfbe88f7aea528b890bf8f1e8d81228ef06fd65ceb06ab758fe0ee,SHA-256,malwarebazaar_recent,1
75a7143599bc7154f6290dac048a9a9f75065b435080e44a3cdee74b87933439,SHA-256,malwarebazaar_recent,1
7604e262c725b15094afe05f5035d90cd2e3b5c0276ed6f015678f0d90da4411,SHA-256,malwarebazaar_recent,1
7652a218b032c6de17b3b0c88cef828a26f559982ff3e6bc11c3eebd1852b263,SHA-256,malwarebazaar_recent,1
76f92d7cb9b899cec2441565e006a1a34d1a3cde73aa51b8a01e30fb7e9e8c40,SHA-256,malwarebazaar_recent,1
77034659aee62b3f50201feef70b1603af285478a6a9511de194d99c4fea7832,SHA-256,malwarebazaar_recent,1
771e26ffa4f9f53449615d6efa310fa469cad503c0dcf6bcc3d243eed641eb95,SHA-256,malwarebazaar_recent,1
773f58441c188331eaac96c5850df79e42596778c536f5a95ea5cf664759eb01,SHA-256,malwarebazaar_recent,1
77bd50f5f45bc364014a015c203bd353881e59ecef3ca7ebab005cfaacca6d36,SHA-256,malwarebazaar_recent,1
7857a221d9ccc1d43c92a4aa44eba3f31eeccc291d95fcc17b395c6912f0c748,SHA-256,malwarebazaar_recent,1
7860a9fc9615e5b82abe5819566e437ea61f4be2a29e128a61ec3fdb7fdccb07,SHA-256,malwarebazaar_recent,1
7893cc3dc18323c15b1006aaefcd9fe0a125f18449731eebf278107ad0cad989,SHA-256,malwarebazaar_recent,1
789b28ea15e7be0bbce9619cd416a15cda6d441a088203de5e5953c3b3377efc,SHA-256,malwarebazaar_recent,1
798312a1889a135c42bd969a3d22a9cb77a62f71b83616bf51a9c5fda40fc7bc,SHA-256,malwarebazaar_recent,1
79c0055a9851f4ecadbcbbece4c8274603b866f846df5911d9e27d657140a53f,SHA-256,malwarebazaar_recent,1
79dfad940aa718395f04c71d5eb99fe87f2072ca1ce4d534c0e1847631f1375e,SHA-256,malwarebazaar_recent,1
7a6d027aa2ae856b193a91db8c09e1c0750131bf3cf1ca0777db78c6b41045af,SHA-256,malwarebazaar_recent,1
7a6e634a6e1d59ea5fd15d843cd70b6c69fe263f61d25c46e3e5b46c5e1b0d00,SHA-256,malwarebazaar_recent,1
7a91a0f708266d100017814211736836481884f1e2dbe69e1c8def66379383c3,SHA-256,malwarebazaar_recent,1
7af6744b367a0cbb6a49c38954b7a691613513907aff6035594141f56aaf297c,SHA-256,malwarebazaar_recent,1
7b1f58ca49b7079e6b100bba60cb9a2be051496b77e2978228ec2cb71721f4aa,SHA-256,malwarebazaar_recent,1
7b29120ae10a54cb040e63df8571f53bd05b4a89e3ad3aeb6fcf572878c3d928,SHA-256,malwarebazaar_recent,1
7b6796b96db474bfab3205414d056822abea33110d8653dcbfac6217c34a700a,SHA-256,malwarebazaar_recent,1
7c41f8f46c89e1b7cfb72f737ca2af22b3a9f263815b6bfc0500d997cdb4d4a0,SHA-256,malwarebazaar_recent,1
7d09f18a36d4e707adb6afe694da50140455a1d2f2d371615687f2241bf1e7c4,SHA-256,malwarebazaar_recent,1
7d60199e346ab93c86d2bacc18877ea1b3108acc63c32ad533c7c1b5e6f6b0d8,SHA-256,malwarebazaar_recent,1
7d7cb34386b8b64fb6b62d01f38a174915b553eccc4d1e77f74b537b1af54f0e,SHA-256,malwarebazaar_recent,1
7db34a5b11ec3991a9a59e705f7a228cb2ab73d042b7e788eedebbd6ab5ce1f8,SHA-256,malwarebazaar_recent,1
7ddd7b3502a2e1c0e1358c0752b971468b88e01e4dbfbf84d9a98e5f9630624d,SHA-256,malwarebazaar_recent,1
7de041828e166e3d0a63672360897868e9b96d879aee5597a4cced308372831b,SHA-256,malwarebazaar_recent,1
7e3efb158688dc0031a95abdb628992bc3785e87c63ba8bc900055f2bef9fe6c,SHA-256,malwarebazaar_recent,1
7e51659cc1a5e184e447e44288ccb46ff7d4383687b187f137aa8442c5766fa9,SHA-256,malwarebazaar_recent,1
7ea8c0bb8ab8c412f289bacc5d4a8eeb9ddf60457ed1bf73f83c39a4483039fd,SHA-256,malwarebazaar_recent,1
80639be96575f3ef0da92679ef8271e48111a0209bbbdaee9657ff0501e8c4ed,SHA-256,malwarebazaar_recent,1
823fa920b249f3813a43a4f59f07a28e1f400dcbb2ca43d147de5aa89e779a8f,SHA-256,malwarebazaar_recent,1
827b28b2fcd6370688459c0b166565147eb59af6aec83712c43f9ee9d449fbc8,SHA-256,malwarebazaar_recent,1
82a66b9d08da7e794c239e1e589d01c798b47a1691d0f53fc12fa5e9bed7cbf6,SHA-256,malwarebazaar_recent,1
82b6eb8108d0ccb8dc62b36d24005d82dc7be46af0bca7d09b5c1cc273161d62,SHA-256,malwarebazaar_recent,1
82c4db2c55bca8b4a99ce22b0c340f2c03fd146df69bb642f65092bd4f544d8e,SHA-256,malwarebazaar_recent,1
82d0ce260b0972f28db08a2e617eaa9b29f14494b431e00af7e9b0c53d8b2be0,SHA-256,malwarebazaar_recent,1
8316795c025f8ea8c1d65c1c791aa39c15d73191fc2e39fc59d3b78f50cc3792,SHA-256,malwarebazaar_recent,1
834cb02d22c345b571d87dd5d7f7b4cd8950a304545566ec11260558538cb2da,SHA-256,malwarebazaar_recent,1
83e617a3ac17024976949ae0d20ea0610e2b58ed93986dbdbc08e47fb8ecaffa,SHA-256,malwarebazaar_recent,1
84447200aef49356af5e776b95fec129f293d83e7b5f7e8c3e88e1d15f49fea9,SHA-256,malwarebazaar_recent,1
846cb3cf92fd078cc05903d644c8970a781282348a8fc9ac00c6265475fe8ac3,SHA-256,malwarebazaar_recent,1
84cccaa51f3eda07ed873476a3bb28b5e168280942cbb8a57f7a89eafc8e8918,SHA-256,malwarebazaar_recent,1
8501a2aaa8b12bb2ff751d74120f36203d6bd1e92a2f468835a6e01d44f37c21,SHA-256,malwarebazaar_recent,1
8561c900bf144fcdf512eefa9cdb8c7c22b1ff4007707a242c1d3f1b332cd558,SHA-256,malwarebazaar_recent,1
86d162d2e4ae90daad260faa7df25be2e28bc70a97d0d0548d80a670177a2739,SHA-256,malwarebazaar_recent,1
86e56f66b92f0754a49d0e35f0ff7ac143ab605bc67819d1785a1331112fedbf,SHA-256,malwarebazaar_recent,1
8705915c9ea20292dc1eb7effa3091b5c5c36bd00ff1e1b37dbda99c9c11f5fd,SHA-256,malwarebazaar_recent,1
8765a68285521845c3c82b3ed49cd5fcec5fa099f557dd735f231c9f2c7af410,SHA-256,malwarebazaar_recent,1
87f4392e809faae54583cd6e22f8947a2d5fcb04224a142ec8e3c882e3d7fc41,SHA-256,malwarebazaar_recent,1
880d44bc4310c80017e14e1ffed543132168d7ec4bd2c8d9a76c82a9ac5368aa,SHA-256,malwarebazaar_recent,1
897dbe42e1cda05a6ffb86734faa357f826b54bcd57ba88439906a2df2e5808d,SHA-256,malwarebazaar_recent,1
89f695d9749aba86fad3f2dd4905b76ba0afc11c4a817cae56f3d11faf5ed30f,SHA-256,malwarebazaar_recent,1
8a24b0b3b7cde6244c76687e6940cdb9ca804552bf1e584b704e7d17cb889184,SHA-256,malwarebazaar_recent,1
8a2bb6a72cd88790bdc50891c71ce9886b646dce99015000ed4fa70b2d02a721,SHA-256,malwarebazaar_recent,1
8a3f5ee504e33fd7b53bb61f81e2fb34bc6ce73d2f4d0f8363b2be2a0f556870,SHA-256,malwarebazaar_recent,1
8a6027dc50d203dd810392da606eab524b27ac73dc68304d8e7147a2fdbad2dc,SHA-256,malwarebazaar_recent,1
8ab13a8d2d4fa6f6131978f7c0afe966d1e5374b1a23982c2d4a8b695cfe01b4,SHA-256,malwarebazaar_recent,1
8ad34c30650b03d1d16884e640f33d93491518d938400ef17215bf6d25b89239,SHA-256,malwarebazaar_recent,1
8adc71c895b09af089e47e6bdec1d973f6dc9920811a5b5afef6a9d235ed1afa,SHA-256,malwarebazaar_recent,1
8b1eeeeb14ae01e0826b17e5e1385866b89b333599168e9d9790c69a8c55c68d,SHA-256,malwarebazaar_recent,1
8b48fb335776e7d1f2804ad77d73e6786a53c2f68868780b60a92a1b8d5c73a4,SHA-256,malwarebazaar_recent,1
8b82d8824183a4d1b3774381d09991989cde685100466a2df9e06b9113af879c,SHA-256,malwarebazaar_recent,1
8bd2f1bb6e7ddbfa6c86bd21f109ef46c634cafbb0e80c84d19fe8b5dc7d9c7d,SHA-256,malwarebazaar_recent,1
8c1d4f3d132289c530f1ab0d3fb2c7e6d8f26d4e7264b04c48150b07d707fe5b,SHA-256,malwarebazaar_recent,1
8c49fab426c3cf1cd3c39332b8f287c9049fa49db760f73c21e9241bfa574d9c,SHA-256,malwarebazaar_recent,1
8c60319a68d01488933ca85e893fe73ecb20d79c29c4478dd6a8dbc2a84d92aa,SHA-256,malwarebazaar_recent,1
8ce17511080f6da2229975780b741972b96e71ca123dab42ceb5466403e27eab,SHA-256,malwarebazaar_recent,1
8d493c33f31ad36efae062d271ed29b5146c3428e2ce37d2b1af46cbff53e9b1,SHA-256,malwarebazaar_recent,1
8d6e2976bfcf1a97566e1d6f54364ce40e738d3757fa194fcdbec56c9799203f,SHA-256,malwarebazaar_recent,1
8de18340455bffb35a7df9520fb848e61c548fce9eebbccfdb7eee42fd90bd3c,SHA-256,malwarebazaar_recent,1
8e41ee07a8fef4595b0849212ee5952502e0ff334fd645cf65707c929ad7dce9,SHA-256,malwarebazaar_recent,1
8e502016a2e93832924a1a4a558ed18b05a13cca02bddcf0bcf9e32aed781753,SHA-256,malwarebazaar_recent,1
8ec1921fea266bab9d1357230bf637a52d2c7c875c388ffd38d1c8c2b5c1589e,SHA-256,malwarebazaar_recent,1
8ed3f83f57bf76261f403dc9b2f9773f403fb4657c4437a95c7df42b13b6a2fb,SHA-256,malwarebazaar_recent,1
8ed4d1a368ada7db7c22b472c357c9401a445c1155f8f455d209759df1f9884f,SHA-256,malwarebazaar_recent,1
8f6a7ff4424134e547d39be0822e960dc100e621eae7af3e5eed1bdee1751889,SHA-256,malwarebazaar_recent,1
9005273ca5d0730a0590d077f6cfad317d1b8cded60622232d5b5e676624f2be,SHA-256,malwarebazaar_recent,1
9058fe91ade1ad133a48e2ecb46307496d955ed76ba1acd6aacb6a168a0a28c1,SHA-256,malwarebazaar_recent,1
90600a7e23217b5d0924c6bfe0026edb317165e8ec342c9916e5565141b174c5,SHA-256,malwarebazaar_recent,1
90655d3212d303734929376c544717bea52525fc1b7b7622bee025453dab1ab6,SHA-256,malwarebazaar_recent,1
90bb21462f787e9aa6480713f3c0bbb8dffb83be277a5757c5a351852224ea03,SHA-256,malwarebazaar_recent,1
9129e6336a56ddcf9d23ee5ac7bb425cf906ac2d143d91358080ab1c5c728e5e,SHA-256,malwarebazaar_recent,1
938817622b9b928c808c7b65de71890a475aa2540bc64c3ad1c93a6300e1505d,SHA-256,malwarebazaar_recent,1
93971c722652c94441d3b49f124882dbab2e398a994b2f0f9cffb99abf48fb41,SHA-256,malwarebazaar_recent,1
95077aa12ee9e710746f896a03728e2bbd0199eb24d228ffc9254f8721e0684b,SHA-256,malwarebazaar_recent,1
96103cf8fce293e362b32497b8e9c2c7c091ddf75f77ee9c15b467722e895bd2,SHA-256,malwarebazaar_recent,1
969a3d8724f786af7302b0177a0e7915c3ed1e6f7f347fc92c9f6e0365d43e44,SHA-256,malwarebazaar_recent,1
970a5c67346033c9a3a39f8920f3a251a7c9fddfa52b2aea55f8ae4a4c878190,SHA-256,malwarebazaar_recent,1
982d1231ca3dcef9acf99b57d9d104425e18a7dfa5f97110f10dfe0d4b1342d6,SHA-256,malwarebazaar_recent,1
995454d195c6b61df3d89e3b04a3f4613e179f19193473dfd720386c6588c56b,SHA-256,malwarebazaar_recent,1
99ac78541bb555b05a2c82d6c191d62e639b9fefd26ddee1f813b79cc6baf4f0,SHA-256,malwarebazaar_recent,1
99f6295c1ab9c9994e0b3293f014eb468872309e41e643b8204b1e14205ef451,SHA-256,malwarebazaar_recent,1
9a1b80b37fbaff0e30ce1666b4a7cb8db864eb4247f09fd45ed1a63ae353a784,SHA-256,malwarebazaar_recent,1
9a1f87886065530d0e112292c7e00161033c1d923be4b2a58ba09407e2f2f5d7,SHA-256,malwarebazaar_recent,1
9a4b15046843e0d21e94dfa3f287889034b12536b42eb7bbf304abadae00bae4,SHA-256,malwarebazaar_recent,1
9b27c821cf315ec4ac65b24380dfe6507e8160a82ed62ea7876038aed353e970,SHA-256,malwarebazaar_recent,1
9ba709e3e9389501c7a2dbf36e1d199bb8d878bb232a6bf49abf10d74854748d,SHA-256,malwarebazaar_recent,1
9bb59f64c03c1dcc8850679572b3569be20c33f2f4d281398228a5fec13115af,SHA-256,malwarebazaar_recent,1
9c01cfdbe35631129e75e76565294dadc83d2264f3b979ec1afa2d0d0eaac514,SHA-256,malwarebazaar_recent,1
9c98c5301e877b2105c86e2f5de78a8a575947e72b0f5862e2321c6ddeb4745a,SHA-256,malwarebazaar_recent,1
9cc33d9b96c9b82c8ecbc8e4a984d4e2283a84d6b1dede3f83fe0acb5ae1dbb7,SHA-256,malwarebazaar_recent,1
9d26dcf70cbfdb821befbcbbf65838c88a380196b2f2371d80d8514e3d3dc7d9,SHA-256,malwarebazaar_recent,1
9da788962328d9e5c2ec3690c4b672284e1702d42fe4fbec4c06182f64871cf4,SHA-256,malwarebazaar_recent,1
9dc99ec709f9c03f4f312a734299db994d9a2600f4c63c02db41ac25137843af,SHA-256,malwarebazaar_recent,1
9e26c831143dad2a70af38a2d0173993443d06a59c430090f054a894db14a5ed,SHA-256,malwarebazaar_recent,1
9e28f942262805b5fb59f46568fed53fd4b7dbf6faf666bedaf6ff22dd416572,SHA-256,malwarebazaar_recent,1
9ea2b28790af29be511de10f54d3cea2f6441e51832db4bed6c11c0d01f2c76e,SHA-256,malwarebazaar_recent,1
9ead10f334a07a4e558f6c25ada2652c487431f4a7bee8ea7c664477fd0c574f,SHA-256,malwarebazaar_recent,1
9f919c03bcf59a2112d374012505cbad5ae9d598b86b238c66d37ca301de7fcf,SHA-256,malwarebazaar_recent,1
9f9a91f3c4b9e40e090f1075e2483dd90ab041f18bcc8b15b2d57fb244b0a0cd,SHA-256,malwarebazaar_recent,1
a043a0f20a4bf6ca46ee564f21dc535636060c32efe057ed7df7712da2177acf,SHA-256,malwarebazaar_recent,1
a07d9f4ec6ec082b328409b6e9b881d4d2f01ccfb9635e0013daf9eac495c16a,SHA-256,malwarebazaar_recent,1
a0becef9ec77a898adf1574d9f9d11abd6a0bf190a2edb071603598ecee97344,SHA-256,malwarebazaar_recent,1
a1435b46d9f4089dc92b0bc156f8a2cadfefbebb361e725b42b416f5f0746f49,SHA-256,malwarebazaar_recent,1
a1ee483ee874b04aff9c60a33118f8c49e23d09452393861ca08ce77c0e9e99b,SHA-256,malwarebazaar_recent,1
a29ebc81222a2f96c1730fed9a9cfb5d9e24a1051a5b2b5eb358415d43c05829,SHA-256,malwarebazaar_recent,1
a36343519ee4106740c898d9d00a719dc37f558ca60377264b1eb234a5c71b2f,SHA-256,malwarebazaar_recent,1
a3ad425a8498ca321d0515396afcfff0a55988ee96d667a9263d2fe31f97bcf8,SHA-256,malwarebazaar_recent,1
a3c099c07405f0c11987d79f82b2db5755bcaca79fbaa50dae79ad485608aefc,SHA-256,malwarebazaar_recent,1
a530127002312ba243ec22ed44b0c217adefbd21e73b1dd4b09d2c63fda6555c,SHA-256,malwarebazaar_recent,1
a532a072687f5bd6f8f4c2fb1ce899a5d3c4264453fe2e7bafc270e83661c893,SHA-256,malwarebazaar_recent,1
a5a96f13b21e1bea303056fccea936586ac6d581b1d1b66481e5d48566a88bac,SHA-256,malwarebazaar_recent,1
a5b6255d7858a0e175ecf03239e7f977658037cfb954af5af319a7e83ff2eeaf,SHA-256,malwarebazaar_recent,1
a5b68b594c36b0fccf3d73575ea46e820c372daf3ff295cf22a16948a5748642,SHA-256,malwarebazaar_recent,1
a5d656327bdd3c5b0a3d4ea9de87a898ff7b9d98038b79e7c4656c846ab2742a,SHA-256,malwarebazaar_recent,1
a6181e6d7515d04c7536790a3d0089f99fe794b44ca78254f90a5fb568d2f192,SHA-256,malwarebazaar_recent,1
a62aec28976c304c595f91ce15f4d18198aaf663d9175e6a95002955218b9db6,SHA-256,malwarebazaar_recent,1
a67b72908b793a7021c9bd3820395a4765dd17db45e2f75e20e89fcb407f1f8b,SHA-256,malwarebazaar_recent,1
a68c6e9789d499c9af012af1c866f051bb50b34691cf5abe97c98adc687354a9,SHA-256,malwarebazaar_recent,1
a6d3def5b155e533dc2ec826d19cac574437bd8785c3522afe159135b9c57d43,SHA-256,malwarebazaar_recent,1
a6ed39933c6dca6e3029934191f545b3b99a1a247dc96b7c97291b890577fe81,SHA-256,malwarebazaar_recent,1
a7266feec63b4ca35550e59c9c6ca3787c6a3ba5f95db4b80ae4a66d6bf55353,SHA-256,malwarebazaar_recent,1
a728696cba3c76b8224bf5eb523ed6dcd5f9812d3d0ea030320cf97357be90d1,SHA-256,malwarebazaar_recent,1
a74490f7f69e7eb40e827f00ffcd1194861fde9bf94521ec004fd81e66d92779,SHA-256,malwarebazaar_recent,1
a75099665049f46919f43210dfea95098d8c038de65e1c707c160972b51f0b89,SHA-256,malwarebazaar_recent,1
a7ba58e8fe34c25407cfd24297c45e0bb9c64ab33c372c81e460e8a8e35e88e9,SHA-256,malwarebazaar_recent,1
a81079a9b9e6a032d2647ab909f78a4fc39ec171454e184b4831ebd0f92ce5d7,SHA-256,malwarebazaar_recent,1
a81ab795e5d2dd555ab9db0b4c2e59429ab0660ed6c1374c602489acf5c0313d,SHA-256,malwarebazaar_recent,1
a8eba9637e09573e59c257a534832b84934b9ecc930808ce020e0513678d7c4c,SHA-256,malwarebazaar_recent,1
aa6f291f0992a55e84623f1889f5f574a408236b43476a1ddea2c0437152d286,SHA-256,malwarebazaar_recent,1
aac7ddb06290ea067759714f70fa52c1a514e9a40576f50babca6e2c7dedcb83,SHA-256,malwarebazaar_recent,1
ab68b0caf004528d0df75bc614fba94dd82feab1f72ae34c6a0352cecd868f39,SHA-256,malwarebazaar_recent,1
abac1a78346934c6d69506b0753593030c42bf3179d77e967b41d5f0f2ddae6f,SHA-256,malwarebazaar_recent,1
ac179894414f1083488f8a906af85017c747c5870ad089cd90b9fba8d72f157d,SHA-256,malwarebazaar_recent,1
ac55551b32b45143d3f590534f6ad59de64b2d35edb5873557613dfd4037de9f,SHA-256,malwarebazaar_recent,1
acdd136213b46248f93c1f6220da9b0edec77039869a7960de45e89acab62a47,SHA-256,malwarebazaar_recent,1
acfed98d10718c85132e7f642021292db59b8aa62499f4fba889d6bc6f8cbbc7,SHA-256,malwarebazaar_recent,1
adb11eab5a309ae2e9527ad93aad006f1a2343ab7bf8db6e6f25b0c0b256910d,SHA-256,malwarebazaar_recent,1
ae20fbf51866a5b30ade870b2de1e32d0bf1a2027a28700fc3bffbd5ffb922f7,SHA-256,malwarebazaar_recent,1
aebd9ba42ede86bd173b5b645ed1877e5a9e92fa830eab213249faf8b09cfa42,SHA-256,malwarebazaar_recent,1
aed6bef34a62f53b32fdbcf85a47638543751cad751cfef2140af34ade90444d,SHA-256,malwarebazaar_recent,1
af40cd33cb040cc6fc2b57ee2db6c6bf1fe184dd8bc94ca1888ec8309acedd77,SHA-256,malwarebazaar_recent,1
af694f8e3d5f1eca4abb657c6c8c21a730488c4352649e6c9902556d08ea1bc2,SHA-256,malwarebazaar_recent,1
afa6bd5cc7372003db13a64715d3919ab7f3a9c4c628a51c845f58ecfcb8fe14,SHA-256,malwarebazaar_recent,1
b0039764484cd56c09da8eb2863407cb05428debc1fe02ec998013e1cfbca997,SHA-256,malwarebazaar_recent,1
b13882d83b66160fa1fbf67786b9905560a21d8b6509fb6d08118d922c73c976,SHA-256,malwarebazaar_recent,1
b14fa022cf8ab81a47e265d3a7c0f09ef9bec0ec39f64e7db4940fbf305b65b2,SHA-256,malwarebazaar_recent,1
b15b13a9421c213b63de7e7ba5a06962dcb7753cdb5f8248d7a139f1b0ca4187,SHA-256,malwarebazaar_recent,1
b1e41fa3d64a2287513da472a2d68d186b71c4cfc26a083220a4d7e9619c2d37,SHA-256,malwarebazaar_recent,1
b2020e2debd2ed3c81345ea75bcdc91b650f1608bc9cbdba6f566dcba6e3afa3,SHA-256,malwarebazaar_recent,1
b27165c7accccbf0a3502820e2ede1a5f6839b36ca29da9d15fac01eae592e17,SHA-256,malwarebazaar_recent,1
b27dce6097308006223f5ba6b3a77a75f8ae5ba86ee6e45a5d0a297a62835a2c,SHA-256,malwarebazaar_recent,1
b289af869fb9678b90e1aea12a460bcb58bb0751d2c421d5fefb3acc5a69944c,SHA-256,malwarebazaar_recent,1
b34671bd86c825a8aaf69b0e650eba69997a98658b2a63cf7b2bef8e3eb7603c,SHA-256,malwarebazaar_recent,1
b368d9253427ca82e74352f9587322833c614c360082c3d179adc98ccabda3b1,SHA-256,malwarebazaar_recent,1
b37a16cc0e2bf402c45390f890f9c97dda1825b19b419af1dd56171ebc8ea8ed,SHA-256,malwarebazaar_recent,1
b38aff4c40d5977c9e8d7452bb2622fafd8f96c09dba94a233239ed5e516c877,SHA-256,malwarebazaar_recent,1
b3f808cbb30cb6e07965dfa1e5ab83188ee3145bd956d01a0af6409e17f3d2ca,SHA-256,malwarebazaar_recent,1
b48d2c1828e295d86ee3df3f031559447b00351ee17491e6d798116f5b7190f9,SHA-256,malwarebazaar_recent,1
b4bbf66c7de7e17da0f6cb7a8e6f159baaf2745e70742a30132c51a4a13e68fc,SHA-256,malwarebazaar_recent,1
b4ebcfa967250caf913636d8574f3655fac86b8884cf59b4da61484c749358af,SHA-256,malwarebazaar_recent,1
b565ed7f9eaf57ae423c3891083ede7457339d69858b31f3c04c2fa5c7d2a1f3,SHA-256,malwarebazaar_recent,1
b5f90b716852ec3adf75f5f3c3ddba0172fd75a46892f986f9a1d60dbeb16ef9,SHA-256,malwarebazaar_recent,1
b5fcb93599c391a6ab9c16ec4eb961b8ca2c094d4be9f812a0a71df77a83b949,SHA-256,malwarebazaar_recent,1
b60a78fe39a2a8e31e1a3048f5853fc6e41281e1a146d0978664497b4507b4d7,SHA-256,malwarebazaar_recent,1
b68f1fb991f1adc4749ad091d9115dc29b2d8445e9ae0b981b5984aa10499123,SHA-256,malwarebazaar_recent,1
b6b62916ece6d4b0ab4c539ab374b49150ec865dc967b94d8ae0bccc5fda4930,SHA-256,malwarebazaar_recent,1
b7dd9bbdb76c74b14a552ae6dbf08aed4159d896c21009a36331e5d60b6cf184,SHA-256,malwarebazaar_recent,1
b8035d90d4e3f118e230ddcbce0e0ef358531ea04e38c77e20630c37c24b3613,SHA-256,malwarebazaar_recent,1
b84325f033c20817bf7aef7c2a0a1f100fa2c52496571f053a3a15c9a19d0195,SHA-256,malwarebazaar_recent,1
b98c7f756334d7dab2b416803ea76c317537701cc8113bdbc74fbac3bae2c29a,SHA-256,malwarebazaar_recent,1
ba3d8572e455f7079019cb16040b923edcac12bfcb3550f89774d44246e347b5,SHA-256,malwarebazaar_recent,1
baa6dfec304a933e046e0f919b04f3d7fecd07f7e4955babc5d30286d0f810e3,SHA-256,malwarebazaar_recent,1
baa8f1b88835077909bb98bed0a5c61a765cdbd82dba44f0a5fffb9e64b1e868,SHA-256,malwarebazaar_recent,1
bb2b445a438cd2091098112e40248b332da6d01378dacf5d48c97eba74e62151,SHA-256,malwarebazaar_recent,1
bc1074fe352095821109955f01726026830aa9a418d5ea699508fe0eb44537eb,SHA-256,malwarebazaar_recent,1
bc2eb89c31d2970a3c3f9657c6e5c4701082d374a88b2c06b4ffbec0b8dca63b,SHA-256,malwarebazaar_recent,1
bc73fe11955ff97c6eb8b3e5a85d02c5fd728103c046f85150b8e8d13c16c939,SHA-256,malwarebazaar_recent,1
be6af2c0f0378fd946407b73a19ea0010df90438cc1d6e6cc883ede508e90d9a,SHA-256,malwarebazaar_recent,1
beac46d485b71c012ce230d71ab511375f0680e158b3e19098ffed39583afeb3,SHA-256,malwarebazaar_recent,1
bf195a33cbaae31325bbbd07fb4c5ed88123e87d2d09c151bb7e695df410658d,SHA-256,malwarebazaar_recent,1
bf497f9612c16088eceab8f92d68f5e95afbb056351acfc90b0e697a36e26d76,SHA-256,malwarebazaar_recent,1
bf878ae9ed33bf0c5ecc5b70431f6119e8c0cbe49338adebb838d2f9ec2056d6,SHA-256,malwarebazaar_recent,1
bfa78af89512b135997d8180639ec92b33c07de93ebe810bfb17249e69e7fc4d,SHA-256,malwarebazaar_recent,1
bfc650b5c39baee7b7a3edb6265e86e9b12747f418bfde48b500854bb8b5e631,SHA-256,malwarebazaar_recent,1
c033b36f096237eabb3a6aab015d8c6e881cbc1921e8cba46a8aba1c5c1ae521,SHA-256,malwarebazaar_recent,1
c03cb8a6b478d8d820fe5ce382fc780a16f481aae179a36600ed12e0ee20a391,SHA-256,malwarebazaar_recent,1
c0eaf4eafa4771cf734c81e38ad0c1fe7cd2de3b97e23e07ebe822dc2bac43cc,SHA-256,malwarebazaar_recent,1
c0fd5e93a813e72530c9051b47fe7acb9cdf2f6f1d5b17606dfc42e849fb45bd,SHA-256,malwarebazaar_recent,1
c2adad11b7b3c7a09ab395b74738b5d3ca199ee1167738c5a41c81dfa60496c7,SHA-256,malwarebazaar_recent,1
c3568aca0cc2712fe08725345b25bc7c58fc5129a1283e37fdf7c2efff4b1327,SHA-256,malwarebazaar_recent,1
c3ba3af87d1e38db43ef5613a383b42799494c992cb52ad55d70f3e2b10bb6f8,SHA-256,malwarebazaar_recent,1
c3e56b9094e4e2cfaa1fd3dd624a3f96bceb0d71cc222c81e5246c6d9981b8e5,SHA-256,malwarebazaar_recent,1
c4d593c001fbddd55cc3b6fbabe9e81942c2716a16d0944d7e2337b9822bedd3,SHA-256,malwarebazaar_recent,1
c4d7f0702d537d9a208bfec3d54da6bd6a0542e3b832a88fac8e35757dfa5cc2,SHA-256,malwarebazaar_recent,1
c5de080cb8f9a65cad77d5d24b5eea0944d6f150f975e975eb97b58a07171d76,SHA-256,malwarebazaar_recent,1
c60a4258b7e45660a14ac4a033bda28678e8fe7b2e447e54a6e230ae83d92774,SHA-256,malwarebazaar_recent,1
c6630dbf8cfaa844277f4d3c5dd2c0e16c4ffe11bae1e17eb2727de96c08ca6c,SHA-256,malwarebazaar_recent,1
c6b49419555504792d3795fa858bbc6e5de8f93054bacd0245f6101f72b4ba6a,SHA-256,malwarebazaar_recent,1
c7395e64995437727f25a648fb0b8dc7dbca02cfc9a3bba463f8eb7f1f0068f8,SHA-256,malwarebazaar_recent,1
c7767de73edc6fee9c26dd927051bd131f585432c6357d2457f8419fcf3186cd,SHA-256,malwarebazaar_recent,1
c783604faf5a89d9043ce771d71059ad37160cc0f2df8c9df67e50626f3f184e,SHA-256,malwarebazaar_recent,1
c7b4daa0c1909087c07f8550dab10224d8719ec6c704451c2d6b1e7296859dea,SHA-256,malwarebazaar_recent,1
c7b9ccb9b1cb94f53237d16c6b20348fbb26a260d4f78b1aa2085fe127e88a56,SHA-256,malwarebazaar_recent,1
c7d21bd199ca4115172e17d42bae8a1a3d486307f084c3312408019e010d5f20,SHA-256,malwarebazaar_recent,1
c7d829b7d16c7e05dd6693f074428680e1f1fd953f72e929a10185bd14af3afe,SHA-256,malwarebazaar_recent,1
c8010894730cbf62d420591cae5d92cf2bc91d36241826a86ba90c6a8ad58082,SHA-256,malwarebazaar_recent,1
c935ef1e96c503bfc7030e884cb4b1676ff4c92d8f0543e23cb2014e44b13950,SHA-256,malwarebazaar_recent,1
c962603715982648543988b297dd8d0d446e2e0192eca6932243f88f72047bcf,SHA-256,malwarebazaar_recent,1
c98b4dd7d6feffcbd72c39b272cc3b829aa1b92f9ae27c29c2a68abdc1bef4a6,SHA-256,malwarebazaar_recent,1
c997b7cfddbdff7214ce5eeb1c7e65f627d12c4464e9f10364374b0121ece68b,SHA-256,malwarebazaar_recent,1
ca0a625cd414475b97f79dab3a1e62713b8d2fef1468765637667e35376eab72,SHA-256,malwarebazaar_recent,1
ca44a666b44067ac905c03d39fe0b893619a4fb3ad625cb53b1618ac94c50eb1,SHA-256,malwarebazaar_recent,1
ca51121f166aa36b0e10512dcea21b19e088effadddbc822d118ed3909460904,SHA-256,malwarebazaar_recent,1
caabd529170bb24373b8cafc7d3c55e2efa88322daa2e7ca3c31de194f64b193,SHA-256,malwarebazaar_recent,1
cab04ea015a6260a1dede7f2df4162e43743890e45974bc38b79a3e3e0534037,SHA-256,malwarebazaar_recent,1
cae0d61e59c7d596cf1ca86f1a564b379d8cd9c5a1177b7fe2d516ca4bf896e3,SHA-256,malwarebazaar_recent,1
cae167643955f237bdc958d43b610b76c6091239253e7eaaeea01e582986f882,SHA-256,malwarebazaar_recent,1
cae5d68276df2104a7c7bced499fde57447c740fd5cffbb1d2f267b6fd3db750,SHA-256,malwarebazaar_recent,1
cb468930fa2bc775fb38a516b415e01d27620e4e8ad9e1036cdc037528c42cc3,SHA-256,malwarebazaar_recent,1
cb9e6b00136b4b7018b20d2e82889abf1d605c1d1aa2e8e3491c01164b25bf60,SHA-256,malwarebazaar_recent,1
cc4aed185ff224de372d968457382222fe685cadd14934b26b349935da88e64a,SHA-256,malwarebazaar_recent,1
cc653189103bd14e46958bae5f37f94852b7d54ced5662bf7858801c138645a8,SHA-256,malwarebazaar_recent,1
cce06c613759112c5a73631102a49b7c62eed7d559057ef549b83924615f65de,SHA-256,malwarebazaar_recent,1
cd1e19311bb228baa489ee9dddc6b42245ede70c43c784f7575b50798a46c614,SHA-256,malwarebazaar_recent,1
cd4aa230c7750f57d17620b868607f7228b4cda756d63c9fa86fe2c84fc11b45,SHA-256,malwarebazaar_recent,1
cd52cc74f7340252a66ad7c08f38c528db0b5755de4e0d8299e0d5377f64b2e7,SHA-256,malwarebazaar_recent,1
cd75fa4064b08ffd74de941dcb00ecca97952d86ad7e5a9d3ad16425fc6338bf,SHA-256,malwarebazaar_recent,1
ce050e46c2fbbb80a152f333cbb00d00d1b6396a91249e4466d575113f8a0480,SHA-256,malwarebazaar_recent,1
ce92f6ed1356c76097193d439b70110aaed80f15f3d2c8efa95d06e81c05b0ea,SHA-256,malwarebazaar_recent,1
cf2471d843cae60503efb1db4adc57e5f64ddf67ee15ee9314b4e9caf90bc309,SHA-256,malwarebazaar_recent,1
cffcb4ec86c2237ccae90f6cc17fecb02e6193f63162e391f64157a359d6feb0,SHA-256,malwarebazaar_recent,1
d05519da897fa942cd63f3b05257dc850deee869a188b2faf25c5f54d9a4effa,SHA-256,malwarebazaar_recent,1
d0573cccfd42e0fcce21657e9e4ff98d4bbd2770edd8bbba08563b026ba9f4fe,SHA-256,malwarebazaar_recent,1
d0667cc345a45dbcffd133dbcee3b2b41548df5850239284e71f4bddccf86be4,SHA-256,malwarebazaar_recent,1
d0d7e289a35968ade145fb00705e5947f62338d7a49082982387e726c823cce7,SHA-256,malwarebazaar_recent,1
d1a95901bdcfcc333791d88eca7514c1b3482c45209e5c53c3949d4ee4e0b9ad,SHA-256,malwarebazaar_recent,1
d2011f83fa243f6c45de15c5f63f3304e794fec839210135c0dd465909b52901,SHA-256,malwarebazaar_recent,1
d20a9dfecb10dfd87ca629fa0ef5c481606ed0e4d6af2c5fcb0fd67b56bc56fc,SHA-256,malwarebazaar_recent,1
d2d00feb3c2880545719f527334db081d1a4dd90f7860e59ecad8317070433e0,SHA-256,malwarebazaar_recent,1
d34f823b58007b32c593c427cdfb76faec0409036a99e1ace840b2fde53dc5af,SHA-256,malwarebazaar_recent,1
d3b35febaaa3842282e923a8bb9dc954ca172cf0f8ffd9a6b85761175913d6ec,SHA-256,malwarebazaar_recent,1
d43b6df9cb7cfe7dd9eb222f9e9ed0294554cad689b91260f8da3174081a4e23,SHA-256,malwarebazaar_recent,1
d49077ea86e43d2a8dc984157607684cc4e2b6cf27812985b2e0a2710a42c43e,SHA-256,malwarebazaar_recent,1
d56867554012ff1dbff99de2d1646f006db083396179f5128152eda36d598c7b,SHA-256,malwarebazaar_recent,1
d5f349c9d03f81158dc1aa5c015d991741ef0871cfb4f20fe8cbdaeca9710ef3,SHA-256,malwarebazaar_recent,1
d5f651b772c567a2997eebad10b8b062191270dba3d17c99f161686bf8b98adf,SHA-256,malwarebazaar_recent,1
d61cee195f615e4abf35c4f1f53acd3c501279f6bcf126ba20d14cc6c4755637,SHA-256,malwarebazaar_recent,1
d6bf3019bb9d8c4bf9230104bbcbecd1f271508a8fefe8f0b238ab3da2b7fbc9,SHA-256,malwarebazaar_recent,1
d6c0e9af7af53fb665d2ec03e2e5b68c80501e97885d2dda31f0e2d38fe3bd04,SHA-256,malwarebazaar_recent,1
d7065a3d06d929e933ac389cca4d0a1c3b66716201ed5d5d6e24089851c690df,SHA-256,malwarebazaar_recent,1
d7a1b3e8151f3ec69d8f3fbbbe43f7800192c3f3dfa43fb48a853c1fd978e4db,SHA-256,malwarebazaar_recent,1
d7a290f060fc5af062cbf417685961c4e2188f9a8ea9a523b2e8bb54e1256bce,SHA-256,malwarebazaar_recent,1
d7b4f9e10c306aa74ed49f99595c5924b380dc8ef1fb601ca6733584ae478580,SHA-256,malwarebazaar_recent,1
d81a27bbf882d13e0752fcd8d70a53d67dfdeda877c62fb365e16c4ccae0804b,SHA-256,malwarebazaar_recent,1
d8928fa5bbd91da60a54800884c97cb0636555b9ebba3ff15c11d4312ac0391b,SHA-256,malwarebazaar_recent,1
d8a4361786c81cb9fdf83140bbb1e09500f8bfee9c3193935347ce574a5c71f2,SHA-256,malwarebazaar_recent,1
d8f89146217d957acc5444d0dc819116b6906683b01ff189f7d3e3e461d1ade4,SHA-256,malwarebazaar_recent,1
d91e2b5174e6e091201a0b219bb993bb9d8d8603b565663eb626ca285ff840fa,SHA-256,malwarebazaar_recent,1
d974f530df16e9b9ea2bb2852b1aa6aa88895f9ea328abae86c8218d725e61e3,SHA-256,malwarebazaar_recent,1
d9830b95f5f1207b6c53e6d48aa43a08c6c9e3a48f51156fe8a4caab6042378e,SHA-256,malwarebazaar_recent,1
d9ca12806c0a239c6b4395222a473c1fc7a5a77b95cd6789484906c70e8a599f,SHA-256,malwarebazaar_recent,1
d9d721e95f7e5b51e27627ae1699001e48741e7a52678ceb0669c2fc1157e2e1,SHA-256,malwarebazaar_recent,1
d9f81bc212ecc590f42afe066311576f23940ab936fb91889a47e5ebf58c8bfb,SHA-256,malwarebazaar_recent,1
da1a3acffea047754f7eab0de4066da8daa39f290bc5268e0baf0575fcf2cae3,SHA-256,malwarebazaar_recent,1
da53de2557968ba91de993217d625deaf7425e95e5c9877954c3b8bff0e6c1f5,SHA-256,malwarebazaar_recent,1
dac3e58c6f4687e68192fd5d479387687f148eb1f8e3a28bc6bc4023c7714b13,SHA-256,malwarebazaar_recent,1
dadb97c1d30295ea476b37461ee7988300ae8483b0c2372effd980a607cebaf3,SHA-256,malwarebazaar_recent,1
db2eadfafabbdab410e1f4ceb9e6470c19eb9a357f9fc6fbc22bcdfa3b34b3af,SHA-256,malwarebazaar_recent,1
db35ab5a5e12afdfbf855cb2caa2f39775a9f015cd624e2c7f26ff5a163b45d3,SHA-256,malwarebazaar_recent,1
db438a070bf17891aae00a7fc9ce6abe7d799dbbf8320de74e0ba807ed54db24,SHA-256,malwarebazaar_recent,1
db43f4e4713a9f7629b68589d5a9d087541012c414667a900429997fd8961c06,SHA-256,malwarebazaar_recent,1
dbdf27935e88886e5e787a2dfbdac1530723c29cfedd52ed40f7005e77c0623f,SHA-256,malwarebazaar_recent,1
dbe50aad918d3d19f06f0b3dabd11791180258c761a8655f1f3dfc68123a991d,SHA-256,malwarebazaar_recent,1
dc0a53205358b2bda54f7b9e26364fb5c81f6353d1f0021de4db237cc5748147,SHA-256,malwarebazaar_recent,1
dcee277c1b82b63bc6df7dce033b691da1f60e3292ec6c5357d01d0c926884f8,SHA-256,malwarebazaar_recent,1
dcf3195b8ded894c14dd5f3602e7728cd202024447f2b4b5e85d06cfb77557ac,SHA-256,malwarebazaar_recent,1
dd3f5f85e074ed69356606190ce90d66ff2875c7645cb4fdb3dfbcc7515d671b,SHA-256,malwarebazaar_recent,1
dd4199c2b8d94da33925badf03a25a5a896c71167a1afa6b8fe6119a4d28f213,SHA-256,malwarebazaar_recent,1
dd70f6f9b5276fdb2e2c79d6650e993c7dd08fc34a3529ddfb10744dabd645e8,SHA-256,malwarebazaar_recent,1
dd7496fabd96645126996d8be44fbac5d1b6adbadcc2220eb98c0d5cb461ab46,SHA-256,malwarebazaar_recent,1
de3272243ad9ae5b9e37324de70ad7296b4c5e46b6d415eff8ba8b2c42060276,SHA-256,malwarebazaar_recent,1
de35595371d5ea945da9d23d1a85276a52bc96b7f8218e0ec406fef4c53926da,SHA-256,malwarebazaar_recent,1
de65ce687b091c84efac8f1e46502b489c1e187e84aa8f8d2bd63ef94e3666bb,SHA-256,malwarebazaar_recent,1
dee47219a890900261c89dc51db234be9213568a8c0a89290ac155adf7b79c2b,SHA-256,malwarebazaar_recent,1
df205094a085d7e76a6ce26e257d7f47ecd77699eb57df9b99c664ada7083edb,SHA-256,malwarebazaar_recent,1
df249293c0f1e0c87b5b0eac79221e04e4c6d1a7f91fbc1940ffe29619bfd07b,SHA-256,malwarebazaar_recent,1
df5a544637ca04758ce210cff2943aec8406cca4fa31efe9cf8820b212836974,SHA-256,malwarebazaar_recent,1
dfd542f72cad80cd5536ec3ce826c569a64f0c5ae2f5451f6dc4a4fda9746de8,SHA-256,malwarebazaar_recent,1
e019a3a33192450ef27162103599c89da0cdfa64025bd735634bb412a985b745,SHA-256,malwarebazaar_recent,1
e0386ce4e313602e0b5603a3f250a3a18a2969a6d6f8057c4bb840204d31d2ac,SHA-256,malwarebazaar_recent,1
e0b6966dd719c9ae79ec96cc000ba8e26862cc8f1d330751f017454a07bf6cdc,SHA-256,malwarebazaar_recent,1
e0e18088fca1a28d12d71afe1c505ebc7cb0191216dea0a8e5b3ebe88b48b29f,SHA-256,malwarebazaar_recent,1
e1271774df0f0768474fa2972f5b0c7811c8d1e122180dce99d9b7d2d0cfc31c,SHA-256,malwarebazaar_recent,1
e1965ba5f3bbe992a87377396373f264bfe6958e28c192a6b394308c2f327327,SHA-256,malwarebazaar_recent,1
e19eed96a246d7a5f33796446931ae643afeb153d7a243e3b9d11fbd1e6d4a48,SHA-256,malwarebazaar_recent,1
e1c5b305fff7516f94bc2173caff4d0168df91e131488ac066bf3c340ca46c27,SHA-256,malwarebazaar_recent,1
e1d8e10749cc195c561241b7789d8fc90e5522949faac94b2e7df6c8f23425e2,SHA-256,malwarebazaar_recent,1
e2093d7d177396fb32ee0ebdd2074fcb778295c9fdfaba913dbcdce5a7c14e55,SHA-256,malwarebazaar_recent,1
e23ff3aa7eec990c1559d18a2631b1a57475e83a86a59fb80cf45349d64b34f1,SHA-256,malwarebazaar_recent,1
e27a3a5a4c65732e788b025cc2566ebae655359408eda61ff1ce6f4d6a823441,SHA-256,malwarebazaar_recent,1
e2f6f6ed64516ac9e5c885e9f16d5fd55c0146886ba9e526a4dfba2632dee1a5,SHA-256,malwarebazaar_recent,1
e2ffd78b3a881c9f431adb6c63fe359c4d059594d0f10562fef41af7e0bccb7c,SHA-256,malwarebazaar_recent,1
e30a11906aadffc1682a1b07934301c6b68b854c9979bc64fd65152a349ed59f,SHA-256,malwarebazaar_recent,1
e366e8bb280bd5926a01c18921fbcfa1978562b9d4028bd75f878d51ae9cc7fe,SHA-256,malwarebazaar_recent,1
e3879f564a24ed7831943183dbbe6f3acef602309dc473f47b222839a7fe1ed0,SHA-256,malwarebazaar_recent,1
e4446d13112ab356cb857ccd6b844690539fe1dd8739857e64ef67dfba6d96ed,SHA-256,malwarebazaar_recent,1
e47dd0230c2fb8b585744b476956cfe15adeefbf4069be339dfed8bc0721f699,SHA-256,malwarebazaar_recent,1
e4ce6007899a4e82918d396c51dce60f783c15e95bbf0dabac5fe78a134639bc,SHA-256,malwarebazaar_recent,1
e54725fe55372f7f6c5459aba1fd5d4952a30a70c6f44c39f8428671931ec13f,SHA-256,malwarebazaar_recent,1
e5b8fdc2746717bdc8ba46d4924f05020926448f5f26f218e233bd6c3e287c3f,SHA-256,malwarebazaar_recent,1
e60cd20035abf992fdc949dd8304e7aa0dd088c93b770a417e0bc47fa125bce4,SHA-256,malwarebazaar_recent,1
e7fd5d8f51b11b577370daa858c48e6e894cde5fc0422dfc04db564813582cc1,SHA-256,malwarebazaar_recent,1
e7fe7fbcd7648b473caf4db264caa4b44179e391520bd72ef2263f0885c0e133,SHA-256,malwarebazaar_recent,1
e8f4dcfc6d743f298337558869e005a59aaab391d887be29b2e87da29dc413b2,SHA-256,malwarebazaar_recent,1
e9aac8a3d62145fdf9d70c37edb7ec1355831006bb2b6cdcba05ba51ccd68461,SHA-256,malwarebazaar_recent,1
e9b2dbb0006d60e0171b735125e0d25f0f9fbee33c33a719f666adc945b25547,SHA-256,malwarebazaar_recent,1
e9cb31232dcdca33d6108a58f0522322a5930de4a09903f5df521122acbdb5e4,SHA-256,malwarebazaar_recent,1
ea7f608e0d0fe8dffbde3acfc6afdb5ad9624c31b21eaf1589c5f8f35332824e,SHA-256,malwarebazaar_recent,1
eb61f7152881753f07b771bb10b28aa0194168edadb6bbdb4390b1657020d97b,SHA-256,malwarebazaar_recent,1
ebdeddea3e27f47ea658ad31160b5ccf64f729a39cfb0ad5ac9c0837dd055c5b,SHA-256,malwarebazaar_recent,1
ec2743bc10f9207b04b2e96badce4e5f564da05f35e5a06cdc268d4a4f8811f3,SHA-256,malwarebazaar_recent,1
ec413c4fdd42a843de651d6c854f129f779eeca0d7fd14e5a329153706075ce6,SHA-256,malwarebazaar_recent,1
ec72118e58a55c1ebec13caa01dfe41dee17bb337a1f2a93e7cd566a995c590c,SHA-256,malwarebazaar_recent,1
eda32690d58912c7af348e5bb86b5c512a92df36c6a25940462c51aef165d8e4,SHA-256,malwarebazaar_recent,1
edbe951f2c653cb0f9c08cb54e6958d9cc96b5744ba65c6920f9871b57aec6d3,SHA-256,malwarebazaar_recent,1
ede6cfb8415518ad6598ec1ed1899183d9fd8f61534f47840ad3c2c85a59bcb1,SHA-256,malwarebazaar_recent,1
ee11b70a0c9db312a9c48ff6ce5e6c18147165927d0011c1c3b888e16bb83b69,SHA-256,malwarebazaar_recent,1
ee8b9057db5d1d7197ba91869ec4621274f418e734351d61c037c97be1679a0c,SHA-256,malwarebazaar_recent,1
eecff1bc7fd5237231d6ce7fe45818e0d794f2646879890a46d7d31b387b2b34,SHA-256,malwarebazaar_recent,1
ef0f2ce8b75d53febd6fcd837d2c300f38add7ce9e447530dd0ee29e77ecfc57,SHA-256,malwarebazaar_recent,1
ef1802d9ba063d1c688fa592476bca567c808fbb2e72158252f8e40e28b68812,SHA-256,malwarebazaar_recent,1
ef662d69f7237acdc451b8800c648de4385afcd7f0dbaa7ab8ed6def226d5e19,SHA-256,malwarebazaar_recent,1
f0592c64bac6d080db862c796838c28b872ec8fcbfcf5f01fa783387d0366d02,SHA-256,malwarebazaar_recent,1
f0d5bbec893bf516a36e88d47f249b4e8a5724127d3ccb1128f33b57e55c45a0,SHA-256,malwarebazaar_recent,1
f11057ab58bef936d98ba189829c64260a6a540cdaa046f93613138e820c98c6,SHA-256,malwarebazaar_recent,1
f1542012866d855ac0bf2346907d2c4ad9965db72eedf8ee7300dac730357055,SHA-256,malwarebazaar_recent,1
f193db11dceb855f8b50a6dc966164199282a0a9eff24fa1d859913370205443,SHA-256,malwarebazaar_recent,1
f1f46f5010ce1d182021e54dbd77099c94efcc23c2925bf4d777e052b84db65a,SHA-256,malwarebazaar_recent,1
f206ff965d298ad8f8112882fb700deb4614b40e4c02b2f1d280af2b000ef1fd,SHA-256,malwarebazaar_recent,1
f217d0dd5b3a9665d075eaed2b69ead2de65eef2a82ecab4bbb4c4fc764335f0,SHA-256,malwarebazaar_recent,1
f29525ef6bbc16debc7a1db3045899727be9fd7b80798a6730fd2bbd782ed932,SHA-256,malwarebazaar_recent,1
f3413ab438c85f9dd4c12e2c5df61c24ed5a3ba197edc9f9514d6cfbb72a10de,SHA-256,malwarebazaar_recent,1
f49df2fdbe4c63bcebdfad04d20289ab6c227f33e455c43bf5fd8edb1e6d71d7,SHA-256,malwarebazaar_recent,1
f4feb4b8de80f857932025b16a6a164569be6f23613cfd7786fd5171c13562ea,SHA-256,malwarebazaar_recent,1
f6403fc468e123672813e9e2fe0e1b33d0c7d4eae03017d6093f9387cdf72936,SHA-256,malwarebazaar_recent,1
f6c19972c7868d2aba77121f00237c9094eb6a32c7bcab31bcb6e17617bee280,SHA-256,malwarebazaar_recent,1
f6d326bcb8dacfe6b808afa487e5238c442867f06799b7c06d7b705dd1b2de99,SHA-256,malwarebazaar_recent,1
f6fede4766c0a20a2d0d95b2d642d574c1d003bb8dc9fff448b24c7e3ee198f7,SHA-256,malwarebazaar_recent,1
f7246cc01c8470b5c6fe8efb5f2c18ac5a981510b007b224d789a717e15a6ccc,SHA-256,malwarebazaar_recent,1
f77e3aa9821369459cc48ccd1ee56af9b20637bca393fbefdf059fd377732891,SHA-256,malwarebazaar_recent,1
f7d98e451b7acb40adea1b84e5df78431e8bf128a7d48dcb5222e4150dd2e805,SHA-256,malwarebazaar_recent,1
f8c2d5f3bd508bdf2fd39f8940e03ad29a4d679d62f670810cfac0d9b125123a,SHA-256,malwarebazaar_recent,1
f9348db80c31a66494d9aff4a875bd49aaa7842604dc95a132b8aed136d693ce,SHA-256,malwarebazaar_recent,1
f95d799399a156215867e534d0b600a3851b255d697c54e5ad4bcc47a41ac842,SHA-256,malwarebazaar_recent,1
f9ef2c485beb0cf5024cf0d66e91da71ddaee6a6d6eb34ffe287c4fc9cb64c36,SHA-256,malwarebazaar_recent,1
f9fe2d56235727bb252612c130ea8fc5468eb537a06e680f5027fa4bd105a204,SHA-256,malwarebazaar_recent,1
fa0af45e17e3bc6e05d025f34ac37005b4914014fb24bec2fd077f2a197fbc78,SHA-256,malwarebazaar_recent,1
facb147464759e3ce625baa23e5e3859cad56791cb0b771aec688472230761d9,SHA-256,malwarebazaar_recent,1
fbacb917b4ff93ac23d9d20f8ff08f0cf16147fd28b5b3c14410496d5325dbb3,SHA-256,malwarebazaar_recent,1
fbb4882273f777b3191990c58f8fcf6fbc9782120f9a0c47b9ee4f9fca8b7d71,SHA-256,malwarebazaar_recent,1
fc4ba40128ee5df9caaa25bafe1a3d6619f208b2bd206f564267298a0294328f,SHA-256,malwarebazaar_recent,1
fc5b7d8c69520851bec746e5db338db2fd1981c78da6f0c542d9dc4541e5f0d0,SHA-256,malwarebazaar_recent,1
fc5fff5a1ca57f1e8c8e4cd61a37001b87c02462054ef0237409dadecbba05d2,SHA-256,malwarebazaar_recent,1
fcced086a0c2d1ebfbb1a6355d36d6365ceab9dee0dc9c30144e8572279ef896,SHA-256,malwarebazaar_recent,1
fd61e12b3cc64cb2ec483506d1d2f5e2b00b1f42362d79ddf1a8152f256a4389,SHA-256,malwarebazaar_recent,1
fda63c374e68ff8079e2537b0969632aabcface517f62fea4df565524eb60c33,SHA-256,malwarebazaar_recent,1
fdecc3228522eadfc42f6ddbe6fa3ef51cdd83b6ce45b786a744a3776ae39ab5,SHA-256,malwarebazaar_recent,1
fe514c54237c1978d00d9315eb1e329b4e70cc31ae88adedeca60d7d7e3338c5,SHA-256,malwarebazaar_recent,1
fea14750843a3871842f948c54e0643fd95a0ab341be4474f119e23e8a2a4a05,SHA-256,malwarebazaar_recent,1
feb5b9e841bd79cd932fb457a98d3e4563dd2fc8462cf9f42895fedfcf80ab92,SHA-256,malwarebazaar_recent,1
ff6bdf02a401c62c889182f7d984d951121acd76e3ad8fbeffad399a645c5f45,SHA-256,malwarebazaar_recent,1
ff84293989668700bca8aed7335f31bf6a24add294ed550437f89eebe3cfe69a,SHA-256,malwarebazaar_recent,1
ffaab76142f6a1140d049c2bc59677a588e776bb212d87e92337223c9a885541,SHA-256,malwarebazaar_recent,1
hash,SHA-256,sources,1
